"","SPY.Adjusted"
"1",0.00211976957248794
"2",-0.00800804421831014
"3",0.00461454347332246
"4",-0.000850825068472005
"5",0.00332666454067532
"6",0.00437092207573286
"7",0.00756837065179461
"8",-0.00195657167199759
"9",0.000419020994875119
"10",-0.00336148720761553
"11",0.00196233164311188
"12",-0.00308530078403102
"13",0.00294521602058762
"14",0.0080208613649706
"15",-0.0118095069309723
"16",-0.000914552883791053
"17",-0.000562460650590957
"18",0.00519579018557792
"19",0.00670062047040876
"20",0.00596485795120305
"21",0.00138191079820782
"22",0.000276181666821529
"23",0.000276381630303746
"24",0.00220623589877977
"25",-0.00130937295104339
"26",-0.00747527034571505
"27",-0.00341006134144273
"28",0.00839946623480703
"29",0.00654596878502023
"30",0.00130407099691965
"31",-0.00048043681428922
"32",0.00212480369537627
"33",-0.000411026224884203
"34",-0.000753745229511438
"35",-0.00391482198668758
"36",-0.000895480670383364
"37",-0.039840794089387
"38",0.0101984264126092
"39",-0.00298463993915021
"40",-0.0131814424853971
"41",-0.00956430065700609
"42",0.0169645258721793
"43",-0.00100245433134205
"44",0.00841943003783108
"45",0.000284304877776975
"46",0.00149053882823491
"47",-0.0196253257609538
"48",0.00742254887530347
"49",0.00136336326155373
"50",-0.0028042191126918
"51",0.0119831333694931
"52",0.00547708591074691
"53",0.0163236525427166
"54",-0.000768161695958725
"55",0.00146574159111523
"56",-0.00132617642488331
"57",-0.00237719622218791
"58",-0.00730617068081418
"59",0.00105695784691839
"60",0.000211436879299143
"61",0.00112607676234688
"62",0.0107050218510629
"63",0.00111325111028382
"64",0.00270732681795582
"65",0.00138542288116916
"66",0.00117640009350506
"67",-0.00408853512119212
"68",0.00443399323510185
"69",0.00455188673750673
"70",0.00945138703127046
"71",0.00265532667519963
"72",0.00122310897249633
"73",-0.000271765902525978
"74",0.0093964006333378
"75",-0.00377502024293719
"76",0.000405241163305092
"77",0.00913999212518313
"78",0.00113649169787688
"79",-0.000802286551846443
"80",-0.00832699892313649
"81",0.00255905688972735
"82",0.00583479373903995
"83",0.0054020814118152
"84",0.00378400568228709
"85",0.000198831153261914
"86",-0.0013259585526928
"87",0.00271616886770865
"88",-0.0105078180032603
"89",0.00852143882870671
"90",-0.00219019997434344
"91",0.000266142016817739
"92",0.00681723541306312
"93",-0.00198099879878733
"94",0.00868656736366447
"95",-0.000524224652435734
"96",-0.000787341934894492
"97",0.000131366532783339
"98",-0.00909374136721652
"99",0.00416175970329213
"100",0.00361892436073585
"101",0.00811220951558589
"102",-0.00104285337562615
"103",0.00494475782523018
"104",0.000129625845190162
"105",-0.0039664576951095
"106",-0.0108079960759948
"107",-0.0182101579877729
"108",0.0129274935049821
"109",0.00172006843758599
"110",-0.0109654931983609
"111",0.0148573632986961
"112",0.00636574119053446
"113",0.00567416524192854
"114",-0.00117679203062693
"115",0.00248222835198497
"116",-0.0139944348824761
"117",0.00554194245886475
"118",-0.00945366854444085
"119",-0.00479377764350097
"120",-0.0103314544300206
"121",0.0141286661096416
"122",-0.000132764349944026
"123",0.000332209781646498
"124",0.00900017155759958
"125",0.00361689538630205
"126",-0.00105122342760033
"127",0.00524336026875361
"128",0.000784541262562222
"129",-0.0143419412693016
"130",0.00706499940148664
"131",0.0156670910687318
"132",0.00297468276141188
"133",-0.000128568446427835
"134",-0.000516482807727314
"135",-0.00181119010077602
"136",0.00387646401396768
"137",-0.0101761357603536
"138",0.00305744349775239
"139",-0.0174933921013256
"140",0.00204698776412027
"141",-0.0239643267933394
"142",-0.0198549439575428
"143",0.0155220887691661
"144",-0.0113272510086482
"145",0.00486001256889601
"146",0.00795839339723248
"147",-0.0260822177248308
"148",0.0166206758085066
"149",0.0106129284337229
"150",0.0138442803263379
"151",-0.0300812790564358
"152",-0.00468793723780436
"153",0.00358670844416231
"154",-0.0154041793712283
"155",-0.0138710720725959
"156",0.00748771879668908
"157",0.0182008242029728
"158",-0.000484323159413158
"159",0.00200337624101987
"160",0.0117977288251101
"161",-0.000886600566955664
"162",0.0122771008837539
"163",-0.00934680910761809
"164",-0.0222253138904591
"165",0.0194312226769435
"166",-0.00266475144832157
"167",0.00980447924850658
"168",0.0100452242487457
"169",-0.00869108952529807
"170",0.00229849290840178
"171",-0.0140044741409904
"172",-0.0019189826292445
"173",0.0115929693504455
"174",0.00257339169047377
"175",0.00700855845876536
"176",-6.74397432964824e-05
"177",-0.0053873521450134
"178",0.0290150404159641
"179",0.0058858501072514
"180",-0.00706709291170515
"181",0.00269479038391207
"182",-0.00184415594747112
"183",-0.00197965242771847
"184",0.0052702271381424
"185",0.00589599999938173
"186",-0.00333638402897396
"187",0.0112098787578851
"188",-0.00136239667411875
"189",-0.00201378045427969
"190",0.00155989459921635
"191",0.011811144056713
"192",-0.00533980615370577
"193",0.00937349299456525
"194",-0.00166212011355071
"195",-0.00481256430320975
"196",0.0055160785620636
"197",-0.00847948614620453
"198",-0.00796663349588744
"199",0.00305168242358089
"200",-0.00363686139622299
"201",-0.0265047622216503
"202",0.00579594260160565
"203",0.00807155027308326
"204",-0.00184709698663621
"205",0.00237421293741669
"206",0.0116545717896903
"207",0.00331428082746399
"208",-0.00696659150691925
"209",0.0103343563480065
"210",-0.0236855941119138
"211",0.00112488919254794
"212",-0.00763505009666954
"213",0.0133726456964984
"214",-0.0277372290177187
"215",-0.00508350809540481
"216",-0.0138211877867658
"217",-0.00997145849326309
"218",0.0300245605888856
"219",-0.00277213561079748
"220",-0.0145293796522212
"221",0.00171656486596117
"222",-0.0140220451460342
"223",0.00610246866818631
"224",-0.0206765178119532
"225",0.0171442034744089
"226",-0.0223102797950023
"227",0.0114276952377139
"228",0.0314836090782844
"229",0.000339727625887853
"230",0.0100055395475716
"231",-0.00661403515837566
"232",-0.00897858767500015
"233",0.0166012446119055
"234",0.014212048688643
"235",-0.000198609745945433
"236",0.00772303376489614
"237",-0.0278029511815809
"238",0.00982257829241195
"239",-0.00207794218223167
"240",-0.0127603591630479
"241",-0.0143715302610969
"242",0.00556784983330516
"243",0
"244",0.00628655285152124
"245",0.0143126692366291
"246",0.00739813471296369
"247",0.00214236073280372
"248",-0.0126507061626668
"249",-0.00250866310397679
"250",-0.0074272913213278
"251",-0.00879319469341056
"252",-0.000483242725943356
"253",-0.0248120004230028
"254",-0.000849282330790402
"255",-0.0162802324244584
"256",0.0104553910080849
"257",0.00653278377718092
"258",-0.00810122075986364
"259",0.00803044010034526
"260",-0.0222590287932274
"261",-0.008649586483501
"262",-0.0262581070285064
"263",-0.0103206838853129
"264",-0.0101987141266751
"265",0.0237368072112663
"266",0.00840627964704233
"267",-0.0145509120953147
"268",0.0164014024062933
"269",0.00494198811929802
"270",-0.00738528636410152
"271",0.0180699563555802
"272",0.0159600806435121
"273",-0.0126894741779466
"274",-0.027138747502133
"275",-0.00808468840143384
"276",0.0065923444614544
"277",-0.00644203264369736
"278",0.00509699637638583
"279",0.0092283728221032
"280",0.0101711407410114
"281",-0.008838592312153
"282",-0.000222113520504941
"283",0.00280802200598451
"284",0.00294724430179993
"285",-0.00834853095719268
"286",0.00613897789452444
"287",0.012529637049072
"288",0.00747273781490954
"289",-0.00101257344528616
"290",-0.00981524392487554
"291",-0.0225358474934616
"292",-0.00239413750963635
"293",-0.00382745365975534
"294",0.00629638376419095
"295",-0.0209149940087068
"296",-0.0103541811655088
"297",-0.013270827682911
"298",0.0353071270622758
"299",-0.00939556349666404
"300",0.00220494708758956
"301",-0.0156168520332924
"302",-0.0101587221628314
"303",0.0407034502101506
"304",-0.0250815620918097
"305",0.0183530605744977
"306",0.0197907665910018
"307",0.000964600155841211
"308",-0.0123113745374974
"309",-0.0031581236423941
"310",-0.00961084978042326
"311",0.00349176234924187
"312",0.0345555233912549
"313",0.000659010400827498
"314",0.0024841068223509
"315",-0.00109532742623042
"316",0.00051067583733122
"317",-0.00102210121636226
"318",-0.00726238237490762
"319",0.00139816971390871
"320",-0.0195999635445885
"321",-0.00337934510158799
"322",0.00232957838821246
"323",0.0267331519853249
"324",0.00146021920369854
"325",0.0103802136658224
"326",0.000505232632459496
"327",-0.00441222957634047
"328",-0.00159633442358142
"329",0.00434705033015437
"330",0.00921166335034407
"331",0.000215124235571906
"332",-0.00394678159323902
"333",-0.00591390270714864
"334",0.0204749329724185
"335",0.00275933316968757
"336",-0.00481681209685725
"337",0.00862611679036096
"338",-0.0179714497112
"339",-0.00258345555684603
"340",-0.00186995123889933
"341",0.0111680984898639
"342",0.000142642043464036
"343",0.00206205243187796
"344",0.0124254725449777
"345",0.000911768156096393
"346",0.00272958643987931
"347",-0.00814190615277166
"348",-0.0170594021767565
"349",0.00014363388406835
"350",-0.0134949454000708
"351",0.00738314990782918
"352",0.00460501389727952
"353",0.00501264781339472
"354",0.00249679798682223
"355",-0.0103846098659544
"356",-0.00584882247365748
"357",-0.000506842903847726
"358",0.01979954868081
"359",-0.0324133352773304
"360",0.0024180995010612
"361",-0.00498950983676671
"362",-0.01482173476436
"363",0.00380036955803487
"364",0.0125647212331561
"365",0.000587628696600895
"366",-0.00485644816873076
"367",-0.00978453016059166
"368",0.00126563723252016
"369",-0.0163647941628504
"370",-0.000988760065813388
"371",-0.00197987432517621
"372",0.00471492414391594
"373",-0.0275358915789843
"374",-0.00547387455023696
"375",0.00352233900920496
"376",0.00312055905679554
"377",-0.017285232435861
"378",0.00102965745716865
"379",-0.0102653143102369
"380",0.0176015155410214
"381",-0.0194429773101588
"382",0.00407875508300304
"383",-0.0117208833284614
"384",-0.00908455582221368
"385",-0.0141979015146108
"386",0.0242512319214496
"387",0.00995364703955204
"388",0.00621071279129826
"389",0.000555324007764924
"390",0.0112809476626818
"391",0.00539802212170759
"392",-0.0209720986280084
"393",-0.000239057878872906
"394",-0.0147723788512968
"395",0.0211276268574681
"396",0.0176605595019232
"397",-0.0133142039415235
"398",-0.00529701506123903
"399",-0.00931719485532767
"400",0.0266049168345228
"401",0.00443094789897636
"402",-0.0150037974581432
"403",0.0184106851944774
"404",0.0103047845713826
"405",-0.01045897432906
"406",-0.00604863501566388
"407",0.00751607328344583
"408",0.00485149256134765
"409",-0.0137686570493454
"410",-0.0109642689851253
"411",0.00463543865453531
"412",0.001723145332722
"413",0.0143716798717577
"414",-0.0204938999938991
"415",0.00290855356922037
"416",0.00968685837543592
"417",0.0120549568846311
"418",-0.0108119325483296
"419",-0.00623107191580008
"420",-0.000859628464564999
"421",-0.030568802651822
"422",0.00313927393082025
"423",0.0204454289552931
"424",-0.0301370549820241
"425",0.00404965591683037
"426",0.0143644957872473
"427",0.00461046206610849
"428",-0.0487544837956895
"429",0.0165990059125081
"430",-0.046005204296403
"431",0.0292393817491048
"432",0.0389458379691137
"433",-0.0228999761543616
"434",-0.0230141127168624
"435",0.00320020851155967
"436",0.0155185322684623
"437",0.000496598235929291
"438",-0.081602606281904
"439",0.0405565124178997
"440",0.000603270543439116
"441",-0.0369487915891682
"442",-0.0135918580742409
"443",-0.0522767343290624
"444",-0.0458195884011721
"445",-0.0255150624474538
"446",-0.0723979463703603
"447",-0.024554602775428
"448",0.135577246869922
"449",-0.0149105735186748
"450",-0.10363728159514
"451",0.0408126768768229
"452",-0.0059901320126281
"453",0.0583442786669464
"454",-0.0303104081096208
"455",-0.0559926171343816
"456",0.0115174905343709
"457",-0.0520455682766352
"458",-0.0361462668506167
"459",0.110516715085943
"460",-0.00727881222982951
"461",0.0340087940215836
"462",0.00548861491106667
"463",0.0028873805938634
"464",0.0334174739566278
"465",-0.0429362957373289
"466",-0.0570056943181978
"467",0.0324846651555344
"468",-0.0131909771562055
"469",-0.0313626494071135
"470",-0.0449987190770713
"471",0.0604738989596054
"472",-0.0511952525734758
"473",-0.013364994232397
"474",0.0186615214807855
"475",-0.0662242683623226
"476",-0.0771328165558662
"477",0.0525381763693398
"478",0.0669960849856368
"479",0.00738163194847363
"480",0.0379134593095651
"481",0.0125095456139031
"482",-0.092749527710227
"483",0.0377632541217006
"484",0.0237570098560109
"485",-0.0234051442889047
"486",0.030366318546176
"487",0.0343184174334423
"488",-0.01662072932168
"489",0.00679292720498381
"490",-0.0243765066158739
"491",0.0118686961486345
"492",-0.0140322504854122
"493",0.0459918474794074
"494",-0.00973373473804795
"495",-0.0188601423262273
"496",-0.00431126389413539
"497",-0.0128956685366823
"498",-0.0103911613691761
"499",0.00578621961895465
"500",0.0057529317997691
"501",-0.00287227902843501
"502",0.0234260963174151
"503",0.0141737686177761
"504",0.0296963924067555
"505",-0.00118453093769855
"506",0.00665583183474538
"507",-0.0304144941948126
"508",0.00407285922227363
"509",-0.0216520394230146
"510",-0.0243140246738438
"511",0.00183885955738639
"512",-0.0319600379407454
"513",0.000355204541222065
"514",0.00779019873457187
"515",-0.0542311493442034
"516",0.0422857616793628
"517",-0.0155879899066571
"518",0.00434134941190401
"519",0.00683466899588936
"520",0.0101064223382643
"521",0.0332744275867949
"522",-0.0330377122215513
"523",-0.0205528780147199
"524",-0.00302288184649502
"525",0.0139495580609239
"526",-0.00490829260198833
"527",0.0147710366531051
"528",0.0280987898889835
"529",0.00137837451489631
"530",-0.0468915133541028
"531",0.00587797394798439
"532",0.000717296364412867
"533",-0.0108160007622082
"534",-0.0437160251587967
"535",-0.00240102989762025
"536",-0.0108135345062843
"537",-0.0097685831358536
"538",-0.0364349399821027
"539",0.0372091679526454
"540",-0.00790382052848049
"541",-0.0163951638784976
"542",-0.0226016161418139
"543",-0.046088773580415
"544",-0.00753558867594961
"545",0.023414243531148
"546",-0.041704698965594
"547",0.00174188931031072
"548",-0.0118220135736635
"549",0.0579004376323198
"550",0.00649124798987533
"551",0.0386171766175627
"552",0.00778382544279843
"553",-0.00302676275329361
"554",0.0301239727390037
"555",0.0221374170163706
"556",-0.0124635875720491
"557",-0.0215239373913407
"558",0.0693668325153034
"559",-0.0198999509630484
"560",0.0104905888587474
"561",0.0201756131032855
"562",-0.0182131922309718
"563",-0.0351655828576121
"564",0.00922197828264526
"565",0.0191816197375312
"566",0.0288182159283785
"567",0.00989942594344484
"568",-0.00786407846682646
"569",-0.023601548151615
"570",0.0107197933184491
"571",0.0389738368324348
"572",0.000233260449093997
"573",-0.0173940699825161
"574",0.0106133973981457
"575",0.0145565589007655
"576",0.00668258752296591
"577",-0.0428191637643422
"578",0.0193486706498529
"579",-0.00613172519759342
"580",0.00976996433346056
"581",0.0149973968497044
"582",-0.00950716438091348
"583",-0.00315070621457281
"584",0.0210462977692121
"585",0.000343405162643862
"586",0.00536183157243553
"587",0.0334539051859224
"588",-0.00341676268990909
"589",0.0171860719236889
"590",-0.0139889978299008
"591",0.0230642170617523
"592",-0.0188913733270244
"593",-0.00296324157128858
"594",-0.0254953589317211
"595",0.00853365528389638
"596",-0.0081953555763139
"597",0.0280111451320213
"598",-0.00120655733744446
"599",-0.00671701673564762
"600",-0.0144674182005211
"601",-0.00213166804075904
"602",0.0252896363793704
"603",-0.018014588725106
"604",0.0138437783617791
"605",0.0175530749512864
"606",0.0239197855087943
"607",0.00084392146311707
"608",-0.0127322504724052
"609",0.00935249098960345
"610",0.00021175843068999
"611",-0.00413350327409123
"612",0.00508471239680297
"613",-0.00253892261416766
"614",0.00443921403551251
"615",0.00273835938555855
"616",-0.0231949675526497
"617",-0.0136556903032625
"618",-0.000983075120323917
"619",0.00729202247588123
"620",0.00367894980728689
"621",-0.0304452530215613
"622",0.000783287302824398
"623",0.00858129206184444
"624",0.0215150816287455
"625",-0.00260954914433942
"626",0.00932049398408719
"627",-0.00812342471947769
"628",0.00412409978401662
"629",-0.0276727660958915
"630",-0.000110896855947118
"631",-0.0195671220334708
"632",-0.000681477235784378
"633",0.00193002382336349
"634",-0.0023846742254614
"635",0.0240382594119328
"636",0.00564420005981425
"637",0.0288267496311363
"638",-0.00160967423912073
"639",0.0108946945668151
"640",0.010567947236729
"641",0.00461471762171861
"642",-0.000209395636527887
"643",0.021842383291288
"644",0.00408760425407273
"645",0.00295307463624983
"646",-0.00468836111179449
"647",-0.00245457552669848
"648",0.0103910790821136
"649",0.00141796941839445
"650",0.0163617832718446
"651",0.00258518940326624
"652",-0.0028840608042211
"653",-0.00519226653978411
"654",0.013029132853128
"655",-0.00207685707565464
"656",-0.0125554257819269
"657",0.0106719397708153
"658",0.00761005023291705
"659",-0.0077091224203274
"660",-0.0249134560659776
"661",0.00790273062865854
"662",0.00874187204871557
"663",0.0102514115871255
"664",0.0194158531389865
"665",-9.72572356490176e-05
"666",0.00194081454744399
"667",9.67962176376957e-05
"668",0.0022269930928287
"669",-0.000193348419021078
"670",-0.00893901261298957
"671",-0.0223044280563709
"672",-0.00379974835690966
"673",0.00828078235555818
"674",0.0139116819691765
"675",0.00858529444828093
"676",0.00764543884870861
"677",0.0101667781013139
"678",-0.00019123839867774
"679",0.00485634572510296
"680",0.00417064830965952
"681",0.015021124349067
"682",-0.00149233933966642
"683",0.000637842412852585
"684",-0.00253342959833347
"685",0.00580749536442671
"686",-0.00834701587220099
"687",-0.0110803187464512
"688",-0.00534686305836729
"689",0.0177447116733971
"690",-0.00301456954436841
"691",-0.00387545643054121
"692",-0.0251260298757519
"693",-0.00467210322543554
"694",0.0148177766310091
"695",0.0142227624740912
"696",0.00274500323344906
"697",0.00762647334506461
"698",0.00607864793102131
"699",0.00390796182695841
"700",-0.00204532978936012
"701",0.0170691709366553
"702",0.00365264079355132
"703",-0.00750230591914214
"704",0.00823125129856628
"705",-0.00529682927038255
"706",-0.00901396770202734
"707",0.0101123947981927
"708",-0.0114992857669431
"709",-0.0108843899796138
"710",-0.00459387772524877
"711",-0.0190679168296777
"712",0.0212269326089514
"713",-0.02940130552577
"714",0.00731231810947808
"715",0.0031580973206955
"716",0.00257650840192181
"717",0.0182279195501396
"718",0.00261707445663273
"719",0.0225205116026892
"720",0.000182582868101022
"721",0.00509705461618104
"722",-0.0102201442634398
"723",0.00539680714364899
"724",0.0144003362319607
"725",0.00116829023418141
"726",-0.000628802957713503
"727",-0.013117000348152
"728",-0.00355780442190756
"729",0.0126224764521803
"730",0.00153266192934876
"731",0.00350779820795033
"732",-0.0163842556923397
"733",0.00337120917242117
"734",0.0122943470600898
"735",-0.000449170804179388
"736",-0.00785127391336626
"737",0.0056914287448695
"738",-0.00153247352667307
"739",-0.0111589343273772
"740",0.00373340919535181
"741",0.00561966726449992
"742",0.00423915680682807
"743",0.00681638974914378
"744",-0.00465865110353914
"745",0.00152520850277682
"746",-0.0120885148465364
"747",0.00564134426617446
"748",0.0101112894607018
"749",0.00358638225773422
"750",0.00196719872183593
"751",0.00472346705334292
"752",0.00213113848652124
"753",-0.00142041903831647
"754",-0.000355549256390475
"755",-0.00964453067549531
"756",0.0168176636356803
"757",0.00264355119354232
"758",0.000703688879106323
"759",0.00421267728787544
"760",0.00332207245234795
"761",0.00139551679078664
"762",-0.00937015774484351
"763",0.00841088058052186
"764",0.00270082318581988
"765",-0.0112876995428977
"766",0.0124184760658146
"767",-0.010220725465711
"768",-0.0194164276780873
"769",-0.0225441243561324
"770",0.00511467077621308
"771",-0.00419942350403169
"772",0.00474583584350174
"773",-0.011538610287543
"774",-0.0109280982573683
"775",0.0154311764096589
"776",0.0120305122797717
"777",-0.00499498014451927
"778",-0.0313522261819292
"779",0.00206459377678936
"780",-0.00724538119791962
"781",0.0124820132263341
"782",-0.00196055736719813
"783",0.0104121749701678
"784",-0.000832886576643155
"785",0.0156124451305661
"786",0.00472745960687604
"787",0.00587791326166442
"788",0.00207141780584674
"789",0.000180204593435818
"790",-0.0122193047021089
"791",0.00915569179255549
"792",-0.0013542159609603
"793",0.000632158529590754
"794",0.0103312700417177
"795",0.00276638073462809
"796",0.000891029560809997
"797",0.00302272924837155
"798",0.0141923963115334
"799",0.000175140866364387
"800",0.00166113160188086
"801",0.00444592323321213
"802",0.00416620671184997
"803",8.66588202033114e-05
"804",0.000260099019505411
"805",0.0079342543368357
"806",0.00590984062220912
"807",-0.00051248034799567
"808",-0.00507493621108512
"809",0.00533223746099765
"810",0.00700858416595995
"811",-0.00486657905489629
"812",-0.00162768376842948
"813",-0.00059987092485958
"814",0.00632728201787369
"815",0.000681745716290649
"816",-0.00341300485836271
"817",0.00681416548131519
"818",0.00811653573563387
"819",0.00235498296783909
"820",-0.00572868468492871
"821",0.00345783317023685
"822",0.00654589282935714
"823",0.00158784869606521
"824",0.000751510073757622
"825",0.0112854559627227
"826",0.00082483560287816
"827",-0.0160402564742315
"828",0.00376318354629124
"829",0.00889097453406773
"830",-0.00182157104163405
"831",0.00297921925370215
"832",0.0065067611818872
"833",-0.00378376579706519
"834",-0.023934609288407
"835",0.00756729847308257
"836",0.0123209458881552
"837",-0.0171069540191198
"838",0.0128787369887666
"839",-0.0237959759027957
"840",-0.00597412863810565
"841",-0.0337774753065654
"842",-0.0149869604285806
"843",0.0430990217943856
"844",-0.00284515301957367
"845",0.0138888770051802
"846",-0.0125083182748202
"847",-0.0182708672462155
"848",0.000526352448624756
"849",-0.0136958230250066
"850",-0.00571011783406217
"851",-0.0384908665141026
"852",0.0144936194809695
"853",-0.0129140345972223
"854",0.00102061439339884
"855",-0.00604696368413649
"856",0.0329496537967602
"857",-0.0126290603005073
"858",-0.0169667464789516
"859",0.0257059953308465
"860",0.00343813863579445
"861",-0.0357688033877013
"862",-0.0125291918756218
"863",0.0106551502930738
"864",-0.00536040093237666
"865",0.0288125706754814
"866",0.00484354920568641
"867",-0.00155094950761026
"868",0.0224826568492285
"869",-0.000356754903672041
"870",0.00160629209109953
"871",0.00108349310534805
"872",-0.00286805431805082
"873",-0.0166536919347964
"874",-0.00310783141471127
"875",-0.0167090063105704
"876",0.00418017334088905
"877",-0.00315679763581933
"878",-0.0313620240238448
"879",-0.00954528570240676
"880",-0.00446655608638924
"881",-0.00546456356151648
"882",0.00653440478314771
"883",0.0310104091053036
"884",0.00984664425749671
"885",0.00743781294105261
"886",0.000648159926948111
"887",0.0149757335636025
"888",-9.14331377286359e-05
"889",0.000273629279655019
"890",-0.0279208239682074
"891",0.00588920190665654
"892",0.0110304776629349
"893",-0.0130830314599217
"894",0.0220764045285282
"895",0.00864161873680214
"896",0.0103616380200089
"897",-8.97253726446223e-05
"898",-0.00647526557581557
"899",-0.00488414164813822
"900",-0.000181427566645631
"901",0.0223300891534954
"902",-0.00480083357642069
"903",0.00666107161462115
"904",-0.0010629230902941
"905",-0.00408430629059175
"906",0.0053244061001072
"907",-0.00541345813897287
"908",-0.0277894808092016
"909",-0.00614915007423988
"910",-0.0029500223979575
"911",-0.000461720526759635
"912",0.0122103558652062
"913",0.0018233464578552
"914",-0.0175499027157562
"915",-0.00324932817996881
"916",-0.00382038239048388
"917",-0.0149543927096074
"918",0.00387756008774875
"919",-0.00672456130808019
"920",0.0153712599482354
"921",-0.0146110799977492
"922",0
"923",0.0294729283218409
"924",0.0092693432104376
"925",0.012887958664523
"926",-0.0113362810871767
"927",0.00699842601242473
"928",0.00460858711712753
"929",0.00503579688135858
"930",0.0110616646445871
"931",-0.000621332295814625
"932",0.00381013084650927
"933",-0.000265485724828984
"934",0.000373327123257106
"935",0.0151744154699021
"936",-0.00201558034520044
"937",-0.00492541756387244
"938",-0.00814443860719827
"939",0.0204123921436068
"940",-0.00480145599162807
"941",0.00349439829895637
"942",-0.00174574573707975
"943",-0.00297461071379423
"944",0.00419684650310703
"945",-0.00753210179678199
"946",0.0199321175215479
"947",-8.64185685385266e-05
"948",-0.00120719687329895
"949",0.00559317725183917
"950",0.000943368549950918
"951",0.00308131482316831
"952",0.0077473318879715
"953",-0.00390873578678796
"954",0.00204098078246773
"955",0.00491585321788612
"956",-0.0131910964886757
"957",0.00971877470569193
"958",0.00220329113140849
"959",0.00186066001186891
"960",0.00295294797829637
"961",0.00016840991295819
"962",-0.0028678102445614
"963",0.000168955760710965
"964",0.000759686138819049
"965",0.000337639847353799
"966",0.00789905430182714
"967",0.00400979336196361
"968",0.0190750030544313
"969",0.00375541825091386
"970",-0.00187605821373804
"971",-0.00721007993769174
"972",0.00402112829192358
"973",-0.00377467085399363
"974",-0.0119087373060482
"975",-0.00141522173149866
"976",-0.0157020887371813
"977",0.000507634205608731
"978",0.0146107404843585
"979",0.00274725984901103
"980",-0.000831453941657401
"981",-0.0145829536956308
"982",0.0146660835669898
"983",-0.0117157755136699
"984",0.00302578510046558
"985",-0.00563850038373737
"986",0.0210447128561713
"987",0.0127274288075991
"988",0.00268891127583437
"989",-0.00105829589410877
"990",0.000569957187922299
"991",0.00365704545941092
"992",0.00388573361986033
"993",0.00580106340806363
"994",0.000642533818758118
"995",0.000882434915882691
"996",-0.00458241958622452
"997",0.00578506234369147
"998",0.00107041206592573
"999",0.00241075009459024
"1000",0.00632020172084324
"1001",0.00310566887576424
"1002",-0.00143230784660631
"1003",0.000398134170597864
"1004",0.00143152123681389
"1005",0.000715063552554795
"1006",-0.00158961600748597
"1007",0.000238663937185635
"1008",0.0102847399060062
"1009",-0.000551202108843185
"1010",0.00518432900752597
"1011",-0.00196050540893733
"1012",-0.00196448719583664
"1013",-0.001259336402752
"1014",0.00353779973981005
"1015",0.00898420799770161
"1016",-0.00163475922992973
"1017",0.00721853728348254
"1018",0.0017000388626407
"1019",-0.00985366650382957
"1020",-0.00132680899137672
"1021",0.00226189934908305
"1022",0.00567050702254601
"1023",0.000542235707450267
"1024",0.00386335380347269
"1025",0.00246487191499956
"1026",-0.0176174864970227
"1027",0.00748858368360406
"1028",0.0158816893927858
"1029",-0.00191382977921872
"1030",0.00222003426156991
"1031",0.00282499476789777
"1032",0.00623298504353453
"1033",0.00453636982732597
"1034",-0.00226571574497658
"1035",0.000378052181425836
"1036",0.00595234900874075
"1037",0.00240104387862683
"1038",-0.00315260520138594
"1039",0.00629571048125932
"1040",0.00298397377618809
"1041",0.00208336402261367
"1042",-0.0202740642461094
"1043",-0.00616307188028919
"1044",-0.000687355831050063
"1045",0.0106359139360732
"1046",0.00617763949100869
"1047",-0.0168135534270819
"1048",0.00213620844819218
"1049",0.0170776682012379
"1050",-0.00752031500384387
"1051",-0.00788183288690014
"1052",0.0087118321116586
"1053",-0.00143427333461243
"1054",-0.0186790746155472
"1055",0.00690236654925425
"1056",-0.00605620455830369
"1057",-0.0115232092302113
"1058",-0.0186864209318189
"1059",0.0131484472399599
"1060",0.00363053497781252
"1061",0.0153789382903415
"1062",-0.00347484010665244
"1063",0.00285781039456356
"1064",0.00951795044464632
"1065",0.00305125909173576
"1066",-0.00244007259171752
"1067",0.00669595874858686
"1068",0.00687763478146319
"1069",-0.00135668800860689
"1070",0.00421463792329035
"1071",0.000825782440356804
"1072",-0.000149968222577179
"1073",0.00314720026481474
"1074",-0.00254701034192895
"1075",-0.00345619739505842
"1076",-0.00301537775196348
"1077",-0.00750178490114184
"1078",-7.63122499218838e-05
"1079",0.000760418040883337
"1080",0.00364205606423873
"1081",-0.0112721840013608
"1082",0.00572824046107812
"1083",0.0135397097047685
"1084",0.0050958665483023
"1085",-0.00104727063461674
"1086",0.00856852746545123
"1087",0.00650749639274473
"1088",0.00323780627225556
"1089",0.0023482836414761
"1090",-0.00154012271608206
"1091",-0.00360386320660311
"1092",-0.00665267907227651
"1093",-0.00908959741392135
"1094",0.00440586546416988
"1095",0.00386756926321485
"1096",0.00849992491313145
"1097",-0.0105807946250982
"1098",0.0047493221546322
"1099",-0.00772881318912244
"1100",-0.00636158640824469
"1101",-0.000150242192746397
"1102",0.00889639497708483
"1103",0.00237849900999798
"1104",-0.00797613936701946
"1105",-0.0116690881574328
"1106",-0.000833155060544044
"1107",0.00332899885232951
"1108",0.00459724284799545
"1109",0.00382705167950625
"1110",0.010357566548004
"1111",-0.022717283367685
"1112",-0.00106231281451397
"1113",-0.0099943230029309
"1114",-0.0106375933179326
"1115",-0.000620029952061785
"1116",-0.00419597550481576
"1117",0.00760189021429714
"1118",-0.0140079030583964
"1119",0.000783625034758373
"1120",0.0126060374810768
"1121",-0.0179455368860353
"1122",0.00220215262156653
"1123",0.00297951614852821
"1124",0.00510297431216333
"1125",0.0136108916904538
"1126",-0.00604353073611552
"1127",-0.00287986886684166
"1128",-0.0116811882234105
"1129",0.00887139114610935
"1130",0.0129686700989922
"1131",0.00852764599850175
"1132",0.00951670353687639
"1133",0.014668374582711
"1134",-0.000821881240725908
"1135",0.00119524123523984
"1136",0.0103217465561452
"1137",-0.00711746311633021
"1138",-0.0182460180170398
"1139",-0.00432836508909151
"1140",0.00334291502818829
"1141",-0.00692622150250788
"1142",0.00578793100000041
"1143",-0.00823470224785527
"1144",0.0161009549792412
"1145",-0.000603056402010083
"1146",0.0137760690602047
"1147",0.000668857963156633
"1148",-0.00558823375661266
"1149",-0.00374337543276937
"1150",-0.0206880572575052
"1151",-0.00291362031872744
"1152",-0.00685836997416445
"1153",-0.00426145378097509
"1154",-0.0258795089468844
"1155",0.00540392231886599
"1156",-0.0479740417600985
"1157",-0.00149754691297765
"1158",-0.0673409749653873
"1159",0.0454506137016342
"1160",-0.045183094789671
"1161",0.0439056684223731
"1162",0.00671037646191763
"1163",0.0209440814115993
"1164",-0.00857596631313839
"1165",0.000668528433911852
"1166",-0.0440756817684598
"1167",-0.0164654698703979
"1168",0.000799021370483821
"1169",0.032380467902227
"1170",0.0139863147492605
"1171",-0.0153613200217313
"1172",0.0144292046341983
"1173",0.0283310645519457
"1174",0.00263331761076468
"1175",0.00442794036304672
"1176",-0.0105279022171114
"1177",-0.0258818609019436
"1178",-0.00732436713815421
"1179",0.0278169487749427
"1180",-0.0104459789692539
"1181",-0.0265590663027719
"1182",0.00644907745214773
"1183",0.00912930119599764
"1184",0.0137490294608682
"1185",0.0171104343574529
"1186",0.00590075007886615
"1187",-0.0100070821237068
"1188",-0.00116424295066953
"1189",-0.0299008462635664
"1190",-0.0328584608284137
"1191",0.00600683972088412
"1192",0.0235022476257862
"1193",0.0111215274332537
"1194",-0.0206298957476356
"1195",0.00787241727619037
"1196",-0.0253068264775678
"1197",-0.0288706652144137
"1198",0.0216861042958714
"1199",0.0183460090800747
"1200",0.0179297129127693
"1201",-0.00671840693669346
"1202",0.0328985553647119
"1203",0.00100279719735674
"1204",0.0087339381616669
"1205",-0.00198972640957518
"1206",0.0169496192332499
"1207",-0.0192756589279437
"1208",0.019357408053966
"1209",-0.0118997418476496
"1210",0.0043661362037728
"1211",0.0188092094965748
"1212",0.012186382765381
"1213",-0.019635213690651
"1214",0.0101072719541957
"1215",0.0342418723055937
"1216",-0.000233102704565447
"1217",-0.0244011299635618
"1218",-0.0282846771360994
"1219",0.0161798740009118
"1220",0.0180633744213541
"1221",-0.00611769383070282
"1222",0.0061966340809505
"1223",0.0127490770977463
"1224",-0.0376078887677469
"1225",0.00937458514267142
"1226",0.0186473099281992
"1227",-0.00951944330257337
"1228",0.00492959266341408
"1229",-0.0159898421972944
"1230",-0.0160042802953129
"1231",-0.00106528406521278
"1232",-0.0192026097773947
"1233",-0.00393546860892435
"1234",-0.0223127592335866
"1235",-0.00188950221619333
"1236",0.0285554465884967
"1237",0.00283608429902404
"1238",0.0403255720206364
"1239",-0.000160061957466873
"1240",-0.000880522699058695
"1241",0.0108330573048718
"1242",0.000316938075704876
"1243",0.00371558312023801
"1244",-0.0221806298348506
"1245",0.0168004616382378
"1246",-0.0147048357996793
"1247",-0.00938300225202227
"1248",-0.0107031729830389
"1249",0.00360771053961795
"1250",0.00148168110778713
"1251",-0.0107493767224085
"1252",0.0298113194501886
"1253",0.00193475252822228
"1254",0.0088198741622918
"1255",0.00890076294069697
"1256",0.000790991461563806
"1257",-0.0132104008284069
"1258",0.0102810101342925
"1259",-0.00492804159326621
"1260",0.0158104397440875
"1261",0.0015676833273961
"1262",0.00265882711714571
"1263",-0.00258064710946293
"1264",0.00242448430624709
"1265",0.00863308133693153
"1266",0.000541946967549833
"1267",0.00239648563700268
"1268",-0.00518679493073027
"1269",0.00387325102286074
"1270",0.0109954559646797
"1271",0.00526274295832074
"1272",0.0037204087297189
"1273",-0.00257993769592701
"1274",-0.00114047103379189
"1275",0.00833261377462868
"1276",-0.00514298631564269
"1277",-0.000454994576732481
"1278",-0.00341951204045099
"1279",-0.000380792478980041
"1280",0.00871915271719903
"1281",0.00158396112983539
"1282",0.0139212422503423
"1283",-0.000669065604510521
"1284",0.00252557974402468
"1285",0.00296312948215949
"1286",0.00125667077811098
"1287",-0.00741482436149088
"1288",0.00741482436149088
"1289",-0.00125667077811098
"1290",-0.00467071990703971
"1291",0.011012326161846
"1292",0.00264243485152793
"1293",0.000440003096949582
"1294",-0.00322967074045799
"1295",0.00440123597823039
"1296",0.00219321390385652
"1297",0.00167844997235544
"1298",0.0029120620789147
"1299",-0.00393317010471694
"1300",0.00516775562737504
"1301",-0.00305387576460081
"1302",-0.00408667652425976
"1303",-0.0147330746174719
"1304",0.00695142249618463
"1305",0.00989996482797562
"1306",0.00386016291192171
"1307",7.27654535426225e-05
"1308",0.0178652766685126
"1309",-0.00107150363877562
"1310",0.00577264481032813
"1311",0.00138388615715446
"1312",0.00391229905357182
"1313",-0.00291505810839077
"1314",-0.00163866958613834
"1315",-0.00723013741915146
"1316",0.00322769991584959
"1317",0.0139375966049444
"1318",-0.00311198004302771
"1319",-0.00497088076415775
"1320",-0.00171039138796303
"1321",0.0041278559778144
"1322",0.00728793620565948
"1323",-0.00409726329155724
"1324",-0.00996059425810358
"1325",-0.000500274441431969
"1326",-0.0112945538476721
"1327",-0.0169274232780614
"1328",0.00806155809799591
"1329",0.0129811182446824
"1330",-0.0119596825873662
"1331",-0.000656669395278087
"1332",0.0147039228872057
"1333",-0.0033853200174887
"1334",-0.00644146033775606
"1335",0.00166859150048282
"1336",-0.00844455348265605
"1337",0.00379436885948436
"1338",0.0135987358570775
"1339",0.00694468716514152
"1340",0.0016398148475778
"1341",-0.00371077928434183
"1342",0.00620044083146265
"1343",-0.00298854962799311
"1344",-0.00765474917542353
"1345",-0.0162899162848111
"1346",0.000729728663760199
"1347",-0.00401983806683592
"1348",-0.00594943655761959
"1349",0.00206083058303541
"1350",-0.0030191781215958
"1351",-0.011122612281941
"1352",-0.00575817815748803
"1353",-0.0038319308266237
"1354",-0.0149420932501583
"1355",-0.00859571203601561
"1356",0.0170423731885938
"1357",0.00174109823267798
"1358",0.000529592706036475
"1359",0.00196357278222514
"1360",-0.00324968906232392
"1361",0.0120391205766808
"1362",-0.014616326084302
"1363",-0.00220373687275544
"1364",-0.0254990573439837
"1365",-0.000468157268716851
"1366",0.00754385332113827
"1367",0.0222197290133233
"1368",0.000605865937099992
"1369",0.00792002501838507
"1370",-0.0127786265999266
"1371",0.0114255616165249
"1372",-0.00641541728242512
"1373",0.0105444787689235
"1374",0.0101754216276539
"1375",0.00193638721683165
"1376",0.00962616467969379
"1377",-0.00162257213224937
"1378",-0.0226942976000188
"1379",0.00767188597388735
"1380",-0.0161645237547487
"1381",0.00501320525362114
"1382",0.00897628622551228
"1383",-0.00285763927177296
"1384",0.0246211666990233
"1385",0.00300795893989125
"1386",0.00657101697972884
"1387",-0.00452213558322345
"1388",-0.00954883693712194
"1389",-0.00125547814205973
"1390",-0.00875858854699452
"1391",0.000148996296047699
"1392",-0.00485667639465071
"1393",0.0166382815309003
"1394",-0.00235979570035116
"1395",0.00684359904754839
"1396",0.00737959384415277
"1397",0.00261731549421018
"1398",-0.00919043705218314
"1399",-0.0101636615340022
"1400",-0.00862417872999899
"1401",0.000224231824538457
"1402",0.0163625679151842
"1403",0.018265124400199
"1404",0
"1405",-0.00701903991356101
"1406",-0.00087172349750464
"1407",-0.00692873525943671
"1408",0.019639185843384
"1409",0.00193601868798865
"1410",0.00500063488700953
"1411",0.00121090062985907
"1412",0.000854105470477151
"1413",0.00163425957237795
"1414",-0.000497166450116993
"1415",0.000141922107585124
"1416",0.00113601618974357
"1417",0.00735138339602326
"1418",0.00133688565185075
"1419",7.05958372337889e-05
"1420",-0.0030289326539652
"1421",0.000423228794812047
"1422",-0.00821305820032414
"1423",0.0060249471211602
"1424",0.000211856069762817
"1425",-0.000989602171679316
"1426",0.000777746101916499
"1427",-0.0072341868368575
"1428",0.00475792762983396
"1429",-0.000921702903740496
"1430",-0.00085106282136227
"1431",0.0200933227236044
"1432",0.00388749251866827
"1433",-0.00569744405070161
"1434",0.00278324038581523
"1435",0.00333001740023331
"1436",0.0151214849538643
"1437",0.00442458484696839
"1438",-0.00340172144948436
"1439",-0.000818348318317952
"1440",0.00054557979129477
"1441",6.82481457650042e-05
"1442",-0.00041780062601493
"1443",-0.00150979948452612
"1444",-0.0106987294088343
"1445",-0.00563714811094673
"1446",0.00937767504332232
"1447",-0.0046429862660915
"1448",0.00263601886879083
"1449",0.00103835748664416
"1450",0.00407470536092536
"1451",0.00714271339098627
"1452",6.82053830054485e-05
"1453",-0.00342724661286642
"1454",-0.00993664822251539
"1455",-0.00640066812282836
"1456",0.000558565340489814
"1457",-0.0032841691256289
"1458",0.00829349207928232
"1459",0.0100824064570819
"1460",0.00452449145148748
"1461",-0.00260233011709055
"1462",-0.0168051519604306
"1463",0.000139930733756621
"1464",-0.0139735500721958
"1465",-0.0028324940481399
"1466",0.00290302762137262
"1467",-0.000565817409585279
"1468",0
"1469",0.0104159066185705
"1470",-0.00893136469849409
"1471",0.00204661212791635
"1472",0.00779478043081205
"1473",-0.0229244606024697
"1474",-0.0120970021787894
"1475",0.000869078164598136
"1476",0.000795918183239763
"1477",-0.00347792988101059
"1478",-0.0135905499856834
"1479",-0.00169321943717637
"1480",0.00492505622138673
"1481",0.0200370046830098
"1482",0.000431257880848968
"1483",0.00186594554682173
"1484",0.0135329669264195
"1485",-0.00212451290087312
"1486",-0.00511758171952525
"1487",0.00802024375374266
"1488",0.00465468287894399
"1489",0.000210801521280501
"1490",-0.00493601109271058
"1491",-0.00141518663992457
"1492",0.00176813450605895
"1493",0.00338664565629188
"1494",0.00302385813889483
"1495",0.000421327298939289
"1496",0.00678552958165213
"1497",0.000487877463198672
"1498",-0.00615098085325361
"1499",-0.00372246329900339
"1500",0.0116834543381481
"1501",0.0110671793645665
"1502",-0.00745647379472647
"1503",0.00573521378234876
"1504",-0.00911851481249037
"1505",-0.00308579827853528
"1506",-0.00422428267315933
"1507",-0.00134114872889235
"1508",-0.0108667863146596
"1509",0.0168531257046718
"1510",0.0253073177811851
"1511",-0.00226164812507257
"1512",0.00438178091733388
"1513",-0.00273628728541553
"1514",-0.00288145177548937
"1515",0.00253911379446148
"1516",0.00791781303593364
"1517",-6.77019122630185e-05
"1518",-0.000680388866733495
"1519",0.000680388866733495
"1520",-0.000136136615997984
"1521",0.00643941374734336
"1522",0.00222746578925115
"1523",0.00537897511638352
"1524",0.00160777971317927
"1525",0.00026790492346862
"1526",0.00560625613099663
"1527",-0.0011985270626873
"1528",0.00392353345265395
"1529",-0.00392353345265395
"1530",-0.00246868968807767
"1531",0.0102346925555263
"1532",-0.0113039734501736
"1533",0.0100468064438806
"1534",0.000727891557256832
"1535",-0.00132368495977087
"1536",0.00554885221098544
"1537",-0.000197732043031529
"1538",0.00164602514957668
"1539",0.000854607962761378
"1540",0.000919719344977921
"1541",-0.00118268697848301
"1542",0.0074666575982496
"1543",-0.0125415301287433
"1544",-0.00609753794087986
"1545",0.00972520664269449
"1546",-0.0192103031199906
"1547",0.00682246799480257
"1548",0.0125194020016224
"1549",-0.0019765978346804
"1550",0.00329223478692509
"1551",0.00531123355113383
"1552",0.00891863125647863
"1553",0.00136071153065931
"1554",0.00181032197360587
"1555",0.00425513081358808
"1556",0.00378868804040611
"1557",-0.00224601519569401
"1558",0.00141222305709832
"1559",0.00530986019575508
"1560",-0.00132116687584194
"1561",-0.00553397882911177
"1562",-0.00232554455458445
"1563",0.00696090801908067
"1564",-0.00857943127720961
"1565",0.00800107905233105
"1566",-0.00418630013407917
"1567",0.00797073593719766
"1568",0
"1569",0.00306861802194813
"1570",-0.00396527012346048
"1571",0.00492225513422095
"1572",-0.0101905773706514
"1573",0.00405011301626423
"1574",-0.00450116574123349
"1575",0.00674439828178297
"1576",0.00345086157219487
"1577",0.0121743504493343
"1578",0.00327181876514704
"1579",-0.00245283144060604
"1580",-0.0234467659469981
"1581",0.0146551715386742
"1582",-0.0147195251800154
"1583",-0.00627312894061571
"1584",0.00865560943993771
"1585",0.00442844909739737
"1586",0.010256311944679
"1587",0.000633606455860303
"1588",0.00404546247746751
"1589",-0.00176781472314591
"1590",0.00667600986038863
"1591",0.00238263083089674
"1592",-0.0088059983011668
"1593",0.00924460504914126
"1594",0.0100894856660316
"1595",0.00253745128424043
"1596",0.00505609949609997
"1597",0.00454078427737326
"1598",-0.0028201229025937
"1599",0.00324859194550875
"1600",0.000794922120583408
"1601",0.0102807700315255
"1602",0.00537215790733914
"1603",-0.00470631779625297
"1604",0.00963043685812348
"1605",-5.9803786641055e-05
"1606",0.00143640368627729
"1607",-0.00744514177758493
"1608",-0.00289701785842134
"1609",-0.000846549164151611
"1610",0.00597076101545202
"1611",-0.0065155573525022
"1612",0.00368571673486073
"1613",-0.0144562412108034
"1614",0.00549114522102645
"1615",-0.00481836795362423
"1616",-0.0140999076225592
"1617",0.0090126424634418
"1618",0.0126399843514147
"1619",0
"1620",-0.0103691481192305
"1621",-0.0083115888643599
"1622",0.0150941681922303
"1623",-0.00629219394055713
"1624",0.0076920908328395
"1625",0.00787422681411076
"1626",-0.0139130513747325
"1627",-0.025090404513028
"1628",0.0032050269335544
"1629",-0.0127166630392077
"1630",0.00956852056593416
"1631",0.00985211795360463
"1632",0.00585278588686311
"1633",-0.00410590481512152
"1634",0.00584260745233411
"1635",-0.000929626396034777
"1636",0.000433868971465579
"1637",0.0107307335621947
"1638",0.00568890775175124
"1639",0.00717159009079715
"1640",0.000363142484730794
"1641",0.0135288066896369
"1642",0.000417930942854916
"1643",0.00381333006820306
"1644",-0.00375384538140544
"1645",0.00256373813066091
"1646",0.00546265592371498
"1647",0.00177517944445515
"1648",0.00194881213564546
"1649",-0.00212645461474281
"1650",-0.00367198686389081
"1651",0.00242985795029771
"1652",0.00106496754114627
"1653",-0.00307997979460772
"1654",0
"1655",0.000711876530382405
"1656",0.011492022495184
"1657",0.00169768246705271
"1658",-0.00146344347539884
"1659",-0.0056984543414762
"1660",-0.00324609885416294
"1661",0.0036582927516573
"1662",-0.00288974296900513
"1663",-0.00118215480962558
"1664",0.00295211365068493
"1665",-0.00514243536702974
"1666",-0.0140844168977239
"1667",-0.00331136194875992
"1668",-0.00641272849552177
"1669",0.00490406068576466
"1670",-0.00617946174130957
"1671",0.00907378792961566
"1672",0.00336659029269448
"1673",-0.00372783001045018
"1674",-0.0162150128084715
"1675",0.0035447770690018
"1676",0.00158482890647349
"1677",-0.00317269637654238
"1678",0.00451227015039368
"1679",0.00823871113011521
"1680",0.00126625685546689
"1681",0.00048177386226822
"1682",0.0095307748892548
"1683",0.00736962263116414
"1684",0.0031338045331637
"1685",-0.00266022399047294
"1686",0.00224675072627889
"1687",0.00577079225256227
"1688",0.00445270197359537
"1689",0.0115077455653552
"1690",-0.00167736299455168
"1691",-0.00701609138059212
"1692",-0.00463804639714294
"1693",-0.00235681690541867
"1694",-0.00289455691927998
"1695",0.00383797014564013
"1696",-0.00460735617520491
"1697",-0.00534259717902774
"1698",0.00788526041900006
"1699",-0.000945364019192318
"1700",-0.00926359617990791
"1701",0.00754837132528685
"1702",-0.0086826356608567
"1703",-0.0117150086249742
"1704",0.000724927324537106
"1705",0.021328823154465
"1706",0.0064225286433528
"1707",0.00398606807712198
"1708",-0.00728037796189973
"1709",0.0138692419610758
"1710",0.00666082967183623
"1711",0.00673186291912753
"1712",5.70599978582109e-05
"1713",0.00577495826334484
"1714",-0.00480019217681793
"1715",0.00331667549761594
"1716",0.00455717083407237
"1717",0.00158990526612257
"1718",0.00531996276052471
"1719",-0.00497930548104897
"1720",-0.00284020422362374
"1721",0.00238632269618755
"1722",0.00351231769365423
"1723",-0.00317200960095754
"1724",0.00509287891578847
"1725",-0.0127240321490918
"1726",0.013401048792856
"1727",0.00016923627897647
"1728",-0.00203199361301909
"1729",0.00799222404841959
"1730",0.00497689935834611
"1731",0.00434138725741651
"1732",-0.0035050496372584
"1733",-0.00217624732679322
"1734",-0.00313277550676005
"1735",0.00803634843313539
"1736",0.00499000122677185
"1737",-0.000995919657896138
"1738",0.000276635674840264
"1739",0.00243225906101419
"1740",-0.000662794603026207
"1741",-0.00260006666600177
"1742",-0.00432991263722737
"1743",-0.000111100376467554
"1744",-0.00440541176701892
"1745",0.0111150779572373
"1746",0.002538950529547
"1747",-0.00358957847392727
"1748",-0.011294320728779
"1749",-0.00330683725346415
"1750",-0.000112211470994161
"1751",0.00621227905623645
"1752",-0.00318524285920141
"1753",0.0169285619556874
"1754",-0.00115644545495996
"1755",0.00579970117562834
"1756",0.00532850148653452
"1757",0.00218914365721901
"1758",0.00507100136418526
"1759",-5.44803677451355e-05
"1760",-0.000163258847980963
"1761",0.00472191456054727
"1762",-0.00962993405602219
"1763",-0.00016427784666817
"1764",-0.00290188105154776
"1765",0.00612285408892799
"1766",0.000217960475365153
"1767",0.000653681490115687
"1768",0.00271898092707357
"1769",-0.0133940567453923
"1770",0.0108385917543883
"1771",0.00537546816268986
"1772",-0.00130038076673866
"1773",-0.00423860333202075
"1774",0.00293625103816098
"1775",0.000651714690357075
"1776",-0.00822707399447875
"1777",-0.0215670012897942
"1778",-0.0049314568858021
"1779",0.00593704582167209
"1780",-0.00965145180209248
"1781",0.0105445441031575
"1782",-0.00587570060684328
"1783",-0.0227621309853401
"1784",0.00698000870405924
"1785",-0.00125508715162681
"1786",0.0131010253751445
"1787",0.0123196633527556
"1788",0.00183489046082652
"1789",0.0108842606006068
"1790",0.000494658922899127
"1791",0.00514924857381782
"1792",0.00550385375822238
"1793",0.0011946659107398
"1794",-0.00664369790463937
"1795",0.00588362056272018
"1796",-0.00114147910623341
"1797",0.00553193297179
"1798",-0.000378866616240536
"1799",5.40016795635978e-05
"1800",0.00523390460398865
"1801",0.00252603033935106
"1802",-0.00705726863847023
"1803",0.0139580165196982
"1804",0.000905860820956228
"1805",0.00228748456738259
"1806",0.000425344604633615
"1807",-0.000531528385618429
"1808",-0.00495482775090039
"1809",0.000267348688913316
"1810",-0.0112769349038926
"1811",-0.00281188655068476
"1812",0.00900296842461223
"1813",0.00711269708568718
"1814",-0.00534295980932242
"1815",0.00582229402918966
"1816",-0.00388609869182499
"1817",-0.00414380958863969
"1818",0.00473428530813447
"1819",-0.00721813466352117
"1820",-0.00211050447131278
"1821",0.00491787460954463
"1822",0.00816095343757528
"1823",0.00660883958403602
"1824",0.0033410443547659
"1825",-0.00132441430863839
"1826",-0.0118926156377661
"1827",-0.0111127807053588
"1828",0.00411430177927041
"1829",0.0106933805904053
"1830",-0.0212296333285309
"1831",-0.00904929406999599
"1832",0.00784730783424248
"1833",0.00686393149433684
"1834",0.0104233207609097
"1835",0.00139578522801465
"1836",0.00348123028595637
"1837",0.0045344259782425
"1838",-0.00234470413719468
"1839",0.00202504478032051
"1840",-0.00823259630882056
"1841",0.00316209047212457
"1842",0.00464452438416885
"1843",0.0029784200462597
"1844",0.000106169115009713
"1845",-0.00143477778277568
"1846",0.00191246413486379
"1847",-0.00874217014281609
"1848",0.00587236932172175
"1849",-0.00106532338242094
"1850",0.00149082702475312
"1851",0.00968898924222028
"1852",0.000895479368317353
"1853",-0.00474930516806538
"1854",-0.00881895456608017
"1855",0.00346259460411424
"1856",0.00366263449301307
"1857",-0.00632511717738637
"1858",0.00838924019440945
"1859",0.00242918840911255
"1860",0.00400033705542491
"1861",0.0061280584904928
"1862",-0.000731236403707314
"1863",0.00515964892959175
"1864",0.00160986364565829
"1865",0.00114135247032454
"1866",-0.000518479712545705
"1867",0.00202070065419679
"1868",0.00650075839633768
"1869",0.00477152388349822
"1870",0.00102326917912254
"1871",0.000102228510421298
"1872",-0.00348261897224855
"1873",-0.00710495898052699
"1874",0.00304381824103572
"1875",0.000823793698135233
"1876",0.00277559954711482
"1877",0.00731267970849814
"1878",0.00112036938341742
"1879",0.00202812375871542
"1880",-0.000306268897515949
"1881",-0.00604202876276361
"1882",0.00450937731122547
"1883",-0.00071591245197844
"1884",0.00194229140159763
"1885",-0.00051080940336945
"1886",0.00667087671428046
"1887",0.00101457077902722
"1888",0.00490615890601553
"1889",-0.00348740193031638
"1890",-0.00645084145922858
"1891",0.00447432734513065
"1892",-0.00396495552514509
"1893",0.00137427778367272
"1894",0.00502272228698963
"1895",-0.00187428740711848
"1896",0.00369450980564157
"1897",-0.0114311818002397
"1898",0.0101675352147295
"1899",-0.00187324353692642
"1900",0.00434853922281064
"1901",0.00221745360791115
"1902",5.03021759215017e-05
"1903",-0.00469260204748245
"1904",0.000404536562863989
"1905",-0.00430644810454517
"1906",0.000152272157109223
"1907",-0.019945621070133
"1908",-0.00306050117616863
"1909",0.0071948669679065
"1910",-0.00974345894520834
"1911",0.000312348827262277
"1912",-0.00542920017466919
"1913",0.0115022715680757
"1914",0.0028936132283448
"1915",-0.00139395581383273
"1916",0.00674628641209996
"1917",0.00471058788325784
"1918",-0.00020435845803668
"1919",0.0083443260937397
"1920",0.0052054158058441
"1921",0.00266784487564387
"1922",0.00291186950681244
"1923",-0.00155540403199961
"1924",0.00505764925917251
"1925",0.000649019039740573
"1926",-0.000399255706406088
"1927",-0.000549425973899176
"1928",0.00284411404447038
"1929",-0.000498526258029486
"1930",-0.000548527850244618
"1931",-0.00144723887714537
"1932",0.00448508734396658
"1933",-0.00258902707271691
"1934",-0.00635122121422782
"1935",0.00375564477454393
"1936",0.00114891025742558
"1937",-0.00585847278893059
"1938",-0.000753522168313481
"1939",0.00751008408774378
"1940",0.00134591747754254
"1941",0.0053161236661543
"1942",-0.00090165204978554
"1943",-0.00775306928318198
"1944",-0.00574072988264707
"1945",0.00779727863216095
"1946",-0.0162669824304862
"1947",0.00791426958144914
"1948",-0.00182103627418773
"1949",-0.00263560384261297
"1950",-0.0136448851613462
"1951",0.000154625974135847
"1952",0.0109491720433113
"1953",-0.00117112511471884
"1954",-0.0155568777804325
"1955",0.0173384194222281
"1956",-0.020032556536572
"1957",-0.0114798976095489
"1958",-0.0165636056218501
"1959",0.00154632195923199
"1960",-0.00678919515155396
"1961",-0.000858574532990097
"1962",0.0117418837015686
"1963",0.00966274495845099
"1964",0.0196172322012904
"1965",-0.00713632823991528
"1966",0.0115576629065011
"1967",0.00766568731870798
"1968",-0.00137529150716098
"1969",0.0114046622073953
"1970",-0.00151307730852768
"1971",0.00639011698182834
"1972",0.0113705514337372
"1973",0.000545413244249282
"1974",-0.00347551502747567
"1975",0.00629651111779594
"1976",0.00399510945407755
"1977",0.000934825902236369
"1978",0.00314264640868966
"1979",0.000979978002386694
"1980",-0.00107806582580139
"1981",0.0011271038494316
"1982",0.000244895745184159
"1983",0.000636259095701419
"1984",0.00575719010713627
"1985",-0.00160675594576443
"1986",0.00175262577198687
"1987",0.00533624878459094
"1988",0.00280254252961143
"1989",-0.000723906244796346
"1990",0.00255581936088145
"1991",-0.00212164294977768
"1992",-0.0069740219952088
"1993",0.00644307037365532
"1994",0.00385573868074207
"1995",-0.00110678932861941
"1996",0.00163561895915709
"1997",-0.00670501883145302
"1998",-0.000677938232160002
"1999",-0.0161611375647377
"2000",0.00505720168387036
"2001",-0.016293568040366
"2002",-0.00689305086166048
"2003",-0.0080520760017615
"2004",0.0194150900325116
"2005",0.0244279811722876
"2006",0.0042460878855195
"2007",0.00458932363845754
"2008",0.00134847127438853
"2009",9.64117943196285e-05
"2010",0.00321941941191906
"2011",0.00134251990958223
"2012",-0.00538036440734668
"2013",-0.0099725582288297
"2014",-0.000535388204375487
"2015",-0.0182245497257663
"2016",-0.00946362276544921
"2017",0.0123841184133271
"2018",0.0175891416879743
"2019",-0.00804570249424064
"2020",-0.00786451130603627
"2021",-0.00281661957115098
"2022",-0.00605541753890559
"2023",-0.00920275514875435
"2024",0.0130287749203166
"2025",0.00213059572592122
"2026",0.00503530475358271
"2027",0.0147615131116616
"2028",-0.00549792799854298
"2029",0.00233908399484317
"2030",-0.013278372926802
"2031",-0.0129073023991655
"2032",0.00920111663477208
"2033",-0.0126546138566104
"2034",0.0123079954783982
"2035",0.0143576743596245
"2036",-0.00381515388220688
"2037",0.0100443659987111
"2038",-0.00276914154428898
"2039",-0.00448556565236391
"2040",0.0105967159900837
"2041",0.000580018952527794
"2042",0.00957073326065228
"2043",0.00410811257499866
"2044",0.00157196596081821
"2045",9.50167922537659e-05
"2046",-0.000713988728503701
"2047",0.0059825237774298
"2048",-0.0001418960226518
"2049",0.00283670805870706
"2050",-0.000850020608845981
"2051",-0.00118224003332745
"2052",-0.00341182560817632
"2053",0.00629353962482693
"2054",-0.00411252433865705
"2055",-0.00422446443409363
"2056",0.0010934549707553
"2057",-0.0141642372357085
"2058",0.00413584707406489
"2059",-0.0163546253735065
"2060",-0.0023446137086669
"2061",0.0126339300249301
"2062",-0.00615126245730568
"2063",0.0132720160829827
"2064",-0.00297693541534372
"2065",0.0119498810085537
"2066",-0.00457181944010632
"2067",0.00878789106347888
"2068",-0.0019501899803398
"2069",-0.00563491524147075
"2070",-0.0147621991680076
"2071",-0.00238428907828325
"2072",0.00228704544029057
"2073",0.012126038268014
"2074",-0.00877800337073342
"2075",-0.00354248177306271
"2076",0.00359090535945317
"2077",0.00671080962696635
"2078",-0.00265006470571016
"2079",0.00337142406192381
"2080",0.00441385723818311
"2081",0.0054421784422729
"2082",-0.00453294199495513
"2083",0.00191110860921828
"2084",0.00447704161205387
"2085",-0.000285216200556881
"2086",-0.0115703029589502
"2087",0.00909542707714106
"2088",-0.00119204510379411
"2089",0.00490214332773053
"2090",0.00251306330578327
"2091",0.00231794716264755
"2092",-0.0041666584079465
"2093",0.00317387428518412
"2094",-0.00412317167915965
"2095",-0.0100709097824385
"2096",0.0107829685898873
"2097",0.002843402339745
"2098",-0.0115179086238628
"2099",-0.00412552085655626
"2100",0.00398195920649425
"2101",0.0130800270556355
"2102",-0.00478406774213536
"2103",-0.00299597030643284
"2104",0.000190639332656062
"2105",0.0103735490011783
"2106",0.00108329259274953
"2107",0.00310190222128615
"2108",-0.000328565526946711
"2109",-0.000704411542154837
"2110",0.0029084684337306
"2111",-0.00239192571189495
"2112",-0.0108099070892429
"2113",0.00944747436301441
"2114",-0.00112893509863543
"2115",-0.00623215430354485
"2116",0.00203448525142225
"2117",-0.000993314174794868
"2118",0.00264583357777415
"2119",-0.00848229469469164
"2120",-0.00171457693403632
"2121",-0.00616870939967917
"2122",-0.000143856132089226
"2123",0.0119219505917805
"2124",0.00321848871237318
"2125",-0.00768438708762975
"2126",-0.00429486906078225
"2127",0.00543720495115441
"2128",0.0016155786943326
"2129",0.0103456877531229
"2130",-0.00444911838166373
"2131",0.00511018925201157
"2132",0.000707473993754704
"2133",-0.00728925653642776
"2134",-0.00304489238414796
"2135",-0.000190805577730657
"2136",-0.0211933220973481
"2137",0.00209116134442588
"2138",0.00798357516396653
"2139",-0.00091606902395025
"2140",-0.00285005952868822
"2141",0.00626905358527896
"2142",-0.0169197671080301
"2143",0.00180754516104908
"2144",0.0125128553602165
"2145",0.0109767683895869
"2146",0.0043288605174876
"2147",-0.000332458877239539
"2148",0.00799230005633245
"2149",0.000847576941279016
"2150",0.000517343386152724
"2151",-0.00395903035024858
"2152",-0.00179639647313401
"2153",-0.00564556182382692
"2154",-0.0104263970384766
"2155",-0.0058343024802463
"2156",0.0122085010524939
"2157",0.0068553235681561
"2158",0.000237215802529001
"2159",-0.00151901756588746
"2160",-0.00337872796208405
"2161",-0.00195610679383762
"2162",0.00328999736442537
"2163",-0.00822142664529046
"2164",-0.00192180533577879
"2165",0.0125205425271844
"2166",-0.00906397884181764
"2167",0.00119702026825319
"2168",-0.00124501102883467
"2169",0.00363570787290346
"2170",0.00557121098631708
"2171",-0.00290090032616241
"2172",-0.00793666416749961
"2173",-0.0211027108035591
"2174",-0.0305646792191583
"2175",-0.043019295914001
"2176",-0.0118375396031443
"2177",0.0376752892732659
"2178",0.0244339394212743
"2179",5.02466998399953e-05
"2180",-0.00811185588167351
"2181",-0.0303021386484055
"2182",0.0188031842424383
"2183",0.000716240589312633
"2184",-0.0152525430531192
"2185",0.0248203737710631
"2186",-0.0134619986265756
"2187",0.00542696426466005
"2188",0.00453411567606565
"2189",-0.00371746570899933
"2190",0.0124220304607565
"2191",0.00862903753759969
"2192",-0.00225039099522473
"2193",-0.0164764212346755
"2194",0.00515438993187889
"2195",-0.013064775607619
"2196",-0.00159998880250445
"2197",-0.00362236119557391
"2198",-0.000259104413503408
"2199",-0.0254174090625012
"2200",0.000584692542235921
"2201",0.0184863682357683
"2202",0.0026060085271018
"2203",0.014827145185798
"2204",0.0176385786587083
"2205",-0.00343224652532381
"2206",0.00815719462733089
"2207",0.0089863868304727
"2208",0.000595823124858619
"2209",0.000943372209963655
"2210",-0.00632209006651241
"2211",-0.00480546994831066
"2212",0.0152377349981734
"2213",0.00453646517340367
"2214",0.0004915078161849
"2215",-0.00127894615220026
"2216",-0.00622292685891157
"2217",0.0167526248029279
"2218",0.010901910868756
"2219",-0.00246059589994196
"2220",-0.00193435948909126
"2221",0.0113105101521835
"2222",-0.000574562941650925
"2223",-0.00431896361407258
"2224",0.0117615846986769
"2225",0.00289518604020422
"2226",-0.00303786915415039
"2227",-0.000998824207193216
"2228",-0.000523542232151897
"2229",-0.0093752964855609
"2230",0.00230399800231851
"2231",-0.00393927505018521
"2232",-0.0140583421701139
"2233",-0.0112916695277736
"2234",0.0150923531226619
"2235",-0.000729797257579712
"2236",0.015741571684261
"2237",-0.000862841004934722
"2238",0.00363776921780001
"2239",-0.00114740070283581
"2240",0.00133854653415089
"2241",-0.000143314773054293
"2242",0.00114572243851807
"2243",-0.00416019538972279
"2244",0.00949058504994138
"2245",-0.0102574148786081
"2246",-0.0141018440978327
"2247",0.0193152272794421
"2248",-0.0060768917151659
"2249",-0.00674218072060118
"2250",-0.0078103130986662
"2251",0.00257804521864191
"2252",-0.019571522563659
"2253",0.00503981320396107
"2254",0.0104430455148981
"2255",0.0145259705912535
"2256",-0.0153554380179681
"2257",-0.0179757663420901
"2258",0.00821520415207999
"2259",0.00903359828983596
"2260",0.0123071958494849
"2261",-0.00165187517001009
"2262",-0.00228757526849499
"2263",0.010615457318969
"2264",-0.00711300017756056
"2265",-0.0100537091911557
"2266",-0.0140781808527217
"2267",0.00168989131125219
"2268",-0.0126944953332409
"2269",-0.0242839419781227
"2270",-0.0110372126211402
"2271",0.000989449084227267
"2272",0.00803588783624143
"2273",-0.0252566668719068
"2274",0.0162832699882731
"2275",-0.0216998605819843
"2276",0.00133030903590825
"2277",-0.0128980193135169
"2278",0.0055864104100678
"2279",0.0203077210291651
"2280",-0.015231929535382
"2281",0.0135507993989732
"2282",-0.0109427003416229
"2283",0.00519544944647432
"2284",0.0240848582140485
"2285",-0.000361365779669498
"2286",-0.0181865894065698
"2287",0.0059772091373711
"2288",0.00156691179724788
"2289",-0.0192338253775706
"2290",-0.0135525698990859
"2291",5.41997287166751e-05
"2292",-0.000863241820691307
"2293",-0.0130936206618433
"2294",0.0204073915218412
"2295",0.0167372595047546
"2296",0.0162029316962418
"2297",-0.00410434467331466
"2298",-0.000468607011605116
"2299",0.0143752727791835
"2300",-0.0127099794270267
"2301",0.00456527690877895
"2302",0.01203905300674
"2303",-0.00230389603806369
"2304",-0.00787366295752534
"2305",0.0232349194491324
"2306",0.00448248377533211
"2307",0.00391197092535567
"2308",0.00324817290789436
"2309",0.000798054774466372
"2310",-0.0109778357240273
"2311",0.00492741528287777
"2312",0.000802094776133799
"2313",0.0160082304116651
"2314",-0.00128319317831327
"2315",-0.00163089659497206
"2316",0.00577053124422111
"2317",0.00632416641385181
"2318",0.0039218800954659
"2319",0.00141787760394418
"2320",-0.000537598411957774
"2321",-0.00662134300399853
"2322",-0.000443166054235888
"2323",0.000590605034389569
"2324",0.00920759500821422
"2325",0.00437817281285735
"2326",-0.0024297157815667
"2327",0.00678879857454273
"2328",-0.00324323240321167
"2329",-0.01003809667111
"2330",0.0108618020796358
"2331",-0.0120380172631904
"2332",0.00269328341170372
"2333",-0.00235001330504936
"2334",0.00926982787766839
"2335",0.010050324263255
"2336",4.81501077036484e-05
"2337",-0.0011064857099754
"2338",0.00700203511041497
"2339",0.00314925229436902
"2340",0.000952554979502196
"2341",-0.00539291716894663
"2342",0
"2343",-0.00172428982774875
"2344",0.00148486710989904
"2345",0.00205626261973357
"2346",-0.00911725606671254
"2347",-0.00541361395129947
"2348",0.00791714533387822
"2349",-0.00874129282469926
"2350",-0.00559372530626767
"2351",-0.000195183726787285
"2352",0.00365235523289353
"2353",0.000826064730110154
"2354",0.0123570539547178
"2355",-0.00939879377226394
"2356",0.000290473885871556
"2357",-0.00875239001814609
"2358",0.00981697322829422
"2359",-0.0093773558675343
"2360",0.000292813183764729
"2361",-0.0034709343358843
"2362",0.00629752374899528
"2363",-0.00136373032673642
"2364",0.0128792599189529
"2365",0.00676000757958484
"2366",0.000286692238061548
"2367",0.00429009855765727
"2368",-0.00190451421648596
"2369",0.00204725658061111
"2370",0.00303896095834943
"2371",-0.00299141172145845
"2372",0.00507544977969054
"2373",0.0015601027151666
"2374",0.00325464473895654
"2375",-0.00136666460300816
"2376",-0.00952286631751775
"2377",-0.00774159593492119
"2378",-0.00196894861143804
"2379",-0.00139473492579079
"2380",0.00297995714087929
"2381",-0.00373111307603313
"2382",0.00641932267562417
"2383",0.00283457767671891
"2384",-0.00163244561135834
"2385",0.0129385607738373
"2386",-0.0365699068218159
"2387",-0.0180719338629114
"2388",0.0178751976466716
"2389",0.0168840616732728
"2390",0.0135533707487712
"2391",0.00209842362892321
"2392",-0.00721935698058651
"2393",0.00597997510133386
"2394",-0.000620264911884938
"2395",0.0147805255770734
"2396",0.00352091103490793
"2397",0.0072370069964327
"2398",-0.000139439573028532
"2399",0.00556784788943521
"2400",-0.00134272594392293
"2401",0.0026836513921884
"2402",-0.00101708405018108
"2403",0.00415430737782696
"2404",-0.00378427878169596
"2405",0.00447512760798308
"2406",-0.00271959769778807
"2407",0.000461477509177577
"2408",-0.00106165073639364
"2409",0.00115395002717111
"2410",0.00161323763051513
"2411",-0.000829367232611844
"2412",-0.00642785765965392
"2413",0.0029182643347907
"2414",0.00106347167085996
"2415",0.00814568248699032
"2416",-0.000596036171658376
"2417",0.000596036171658376
"2418",-0.00247820596352177
"2419",0.00463011324924789
"2420",-0.000869387206122063
"2421",0.00287952513098588
"2422",-0.00517094685162967
"2423",0.00187940408354681
"2424",0.00224130941693002
"2425",-0.00146318017184832
"2426",-4.56656760734475e-05
"2427",0.00201131317638392
"2428",-0.00512790413716857
"2429",-0.000688913743105424
"2430",-0.00188497439401658
"2431",0.00491224149142155
"2432",-0.00165006461525152
"2433",-0.00284811180067468
"2434",4.60584099322148e-05
"2435",0.00449789204347084
"2436",0.00301784728252308
"2437",-9.13517264189423e-05
"2438",-0.00228566064769975
"2439",-0.0242258850957286
"2440",0.0142455001051447
"2441",-0.0144799290263222
"2442",-0.000375459209946527
"2443",0.00994345012903874
"2444",-0.00387310039872357
"2445",0.000187629109853482
"2446",4.67535293893206e-05
"2447",0.0111827299417717
"2448",0.00628158002517232
"2449",-0.00549419257152817
"2450",-0.00813518200291341
"2451",0.00618876885909536
"2452",0.0049512496483608
"2453",-0.00908843106534363
"2454",0.00751769296795679
"2455",-0.00240686807024026
"2456",-0.00511082489771653
"2457",0.00441544175239095
"2458",0.000695383145325579
"2459",-0.00343529144902188
"2460",0.00519482907449564
"2461",-0.0127101389555708
"2462",0.00131124027095808
"2463",-0.00328094887235864
"2464",0.000516237510769457
"2465",-0.00347816859512218
"2466",0.00624287995671136
"2467",0.00266351570174272
"2468",-0.00186843622768507
"2469",0.000467361283019052
"2470",0.00424369977944306
"2471",-0.00335621961846222
"2472",-0.00200957263776225
"2473",-0.00267040209714509
"2474",-0.00295985835014712
"2475",4.72426211128862e-05
"2476",-0.0072718014081925
"2477",-0.00603686358391364
"2478",-0.00458758084714894
"2479",-0.00110221058595439
"2480",0.0218171563696794
"2481",0.00449373789070151
"2482",0.0105463778221235
"2483",0.00249242119934667
"2484",-0.00230769918776996
"2485",0.000785054508464
"2486",0.00777268804638265
"2487",-0.00188010234925162
"2488",0.00512752437464847
"2489",-0.00224012177630328
"2490",0.00752322920874882
"2491",0.00195126618758934
"2492",0.000543875226108881
"2493",0.00370845638958706
"2494",-0.00470578225525387
"2495",0.00194842496642256
"2496",-0.00240207653121605
"2497",-0.00368230324986918
"2498",0.000500889987071318
"2499",0.00599076217783967
"2500",0.00316236505013823
"2501",0.0129960268527984
"2502",0.00244569533038597
"2503",0.00602227446387271
"2504",-0.00114846626059251
"2505",0.0066518070541246
"2506",-0.00828842467779101
"2507",0.00410870588776024
"2508",-0.00195768906459026
"2509",0.00217491634753397
"2510",0.00385021487713555
"2511",-0.00278638894888061
"2512",-0.00172907016628976
"2513",0.00146323602269405
"2514",0.00247798709450286
"2515",-0.00829898553489716
"2516",-0.000222816989512431
"2517",-0.00366177576515891
"2518",0.00762105760432075
"2519",0.00593147029754792
"2520",-0.000794713614326703
"2521",0.0035714373618001
"2522",-0.00330641788872654
"2523",0
"2524",0.00282208035259401
"2525",-0.00251291568562362
"2526",0.00229281734294506
"2527",-0.00352976260997195
"2528",0.00220753467938817
"2529",-0.00371132304429711
"2530",0.00366722913756679
"2531",-0.002605618401053
"2532",0.00639138899115466
"2533",0.00861828155028999
"2534",-0.00104599732931998
"2535",-0.00157105489550791
"2536",-0.00622090857975532
"2537",-8.80271420538037e-05
"2538",0.000395568272264946
"2539",0.000658768753361016
"2540",0.00686925409332595
"2541",-0.00178934610071835
"2542",4.37453759616346e-05
"2543",0.00130938207837072
"2544",0.00591520501521181
"2545",0.00393849171553473
"2546",0.00542770189399278
"2547",0.00398742273670738
"2548",0.00520680583986266
"2549",-0.000851686038346067
"2550",0.00157498907890741
"2551",0.00593750310243557
"2552",-0.000888414196793974
"2553",0.000677060364669302
"2554",0.00126800261659543
"2555",0.00156170242161924
"2556",-0.00270284658779829
"2557",0.0139004362421575
"2558",-0.00631729684408278
"2559",0.000629266959927932
"2560",-0.00298223777456208
"2561",-0.00299156954523117
"2562",-0.001858120216788
"2563",0.00126743513227012
"2564",0.00349799002821172
"2565",0.000504872720762606
"2566",-0.00383415734210502
"2567",0.00861629918185702
"2568",-0.00196884764814875
"2569",-0.00175760136465986
"2570",-0.00109760370959933
"2571",-0.0129226387653283
"2572",0.00235034593298433
"2573",-0.00106768552456504
"2574",-0.000726565534618473
"2575",-0.00102692062665266
"2576",0.00725039410900852
"2577",0.000934570009238023
"2578",0.00317908785784482
"2579",-0.00233025856494606
"2580",-0.0017406889839453
"2581",0.000637075659625452
"2582",-0.00297705558178851
"2583",0.0028073186758677
"2584",-0.00101995453119041
"2585",0.000595053689650626
"2586",-0.00119046612008589
"2587",-0.00439159005800782
"2588",-0.00651612972598681
"2589",0.00882102452693534
"2590",-0.00298875567043488
"2591",-0.00184025239869889
"2592",0.00810616944627895
"2593",-0.00319207912618946
"2594",0.0109379338298385
"2595",0.00580174066863481
"2596",-0.000628874281038527
"2597",0.000838387852788003
"2598",-0.00218161679434736
"2599",0.00251689506336739
"2600",0.000377059746108799
"2601",-0.00121543345427799
"2602",0.00117353523111596
"2603",0.00392925555859591
"2604",-0.000166809360653275
"2605",-0.000918430953525728
"2606",0.00179417991416742
"2607",-0.00204474372001151
"2608",-0.00167240593980456
"2609",0.00550818142001397
"2610",-0.000915914270798623
"2611",-0.0179033315856731
"2612",0.00402039238050467
"2613",0.00648315388591136
"2614",0.00506452475355257
"2615",0.00221038571027421
"2616",0.00233011044223641
"2617",0.00476806744291114
"2618",-0.000206645195798494
"2619",-0.000869342971593134
"2620",-0.000248495404411742
"2621",0.00792071038963904
"2622",0.00332306884060785
"2623",-0.000737450394120209
"2624",-0.00320199060871307
"2625",0.00184850488210042
"2626",0.000492398344297484
"2627",-0.00151902512340918
"2628",-0.000205505940763295
"2629",0.00487814485054461
"2630",-0.00126853556730833
"2631",-0.0019261110768225
"2632",0.000218419999497677
"2633",0.00829067756790192
"2634",-0.00676698346215066
"2635",-0.000246988310513174
"2636",-0.000452911224650521
"2637",0.00119370176743328
"2638",0.000657693684218863
"2639",-0.00808884766439633
"2640",0.00891063853565122
"2641",-0.00882768220297425
"2642",0.00186288309479377
"2643",0.00169405183555771
"2644",0.00230945766917756
"2645",-0.00918657483216379
"2646",0.0064641990612726
"2647",0.00107324205617054
"2648",-0.000742857047037582
"2649",0.00748672349523449
"2650",0.00167872171562689
"2651",0.00465324583216287
"2652",-0.000122075070734695
"2653",0.000529319945798967
"2654",0.00539935770314948
"2655",0.000445302906367573
"2656",-0.000890741077151702
"2657",-0.000242989857571096
"2658",0.00242783349583409
"2659",4.04244912566298e-05
"2660",-0.000929945851740221
"2661",-0.00117378427230097
"2662",-0.000567237826590627
"2663",0.00222645226810592
"2664",0.000484942738093075
"2665",-0.00194162525472752
"2666",0.00182041056583593
"2667",0.00185739255815065
"2668",-0.00246393438057702
"2669",-4.03892621605451e-05
"2670",-0.0142158647869337
"2671",0.00147592338128621
"2672",0.00986412736057485
"2673",-0.000121526582105069
"2674",0.00174272625029825
"2675",-0.0157136352793161
"2676",-0.00156440121074208
"2677",0.000782508662660497
"2678",0.0104027720094617
"2679",-0.00359189940542581
"2680",-0.00233339986646186
"2681",0.00233339986646186
"2682",4.0897222367775e-05
"2683",0.0011442188168429
"2684",0.00472628731349456
"2685",0.00599810599713813
"2686",0.00141314655037217
"2687",-0.00720798395054167
"2688",0.00340788307166751
"2689",-0.000121286260123199
"2690",-0.00117547633028448
"2691",0.0106094124298197
"2692",0.00336494639888141
"2693",0.000479836441156678
"2694",-0.00031984460736556
"2695",0.00134536015825759
"2696",0.00212462258237167
"2697",0.00100058545428361
"2698",0.000359923155696329
"2699",-0.00268289568457991
"2700",0.000200410699823017
"2701",-0.00204666162284184
"2702",0.000602475298828509
"2703",0.00388667935362186
"2704",0.00119907173927825
"2705",0.003508944272828
"2706",0.00432925997566791
"2707",0.00213784372645787
"2708",0.00118575854325442
"2709",0.00590759065730051
"2710",-0.00113951673235313
"2711",-0.00165241999389121
"2712",0.00263478430505337
"2713",0.00156983836333779
"2714",-0.00149129154185079
"2715",0.00121676043805685
"2716",0.00133255319603087
"2717",0.000704974853378282
"2718",0.000978136414261144
"2719",0.000273643951149261
"2720",0.00514716532780568
"2721",-0.00389707104446124
"2722",0.00175568592357678
"2723",-0.0049625354257099
"2724",0.00129191003629803
"2725",0.00814292310022413
"2726",-0.00373198636342043
"2727",0.00155664003939471
"2728",0.00132122465273898
"2729",0.000388420956791258
"2730",0.00333316860004285
"2731",0.00154646870363262
"2732",-0.000695642350217796
"2733",0.00169936438027118
"2734",-0.00363418801508519
"2735",-0.000310051331511296
"2736",0.000929561630950815
"2737",-0.00232531567724159
"2738",-0.00501775155649931
"2739",0.00846499782883203
"2740",-0.00294301626001481
"2741",0.00170488217688636
"2742",0.00652145995399955
"2743",-0.00088482284922442
"2744",0.00230703711126701
"2745",-0.000499506276451456
"2746",0.0100938449706121
"2747",-0.000608988526499488
"2748",0.00871696674186229
"2749",-0.00207748338815517
"2750",-0.0012109559595137
"2751",-0.00360297571671264
"2752",0.000189962346240691
"2753",0.0031481384247769
"2754",0.00543818805795215
"2755",0.00300861872513991
"2756",0.00176311318785149
"2757",-0.000112224267643235
"2758",-0.00409481893095176
"2759",0.00829318834581105
"2760",0.00632103895597069
"2761",-0.00384769020694087
"2762",-0.00052431875429626
"2763",0.00205761543843952
"2764",-0.000261604171687857
"2765",-0.00119686560843402
"2766",0.000486317316268803
"2767",0.00205538547729756
"2768",-0.0037776355715593
"2769",0.00713183144484031
"2770",0.0063050725654783
"2771",0.00420605332952562
"2772",0.00664189096112988
"2773",0.00182706253612164
"2774",0.00226099874472485
"2775",-0.00153115241324819
"2776",0.00726954218169595
"2777",0.00649784605909787
"2778",-0.00342408962346408
"2779",0.00948640066282724
"2780",-0.00168212651313659
"2781",0.00453928612640642
"2782",0.00809801659492138
"2783",0.00212035903866692
"2784",-0.000388399400494066
"2785",0.000423406904194401
"2786",0.0115115758393367
"2787",-0.00665217647568106
"2788",-0.010309911188469
"2789",0.00049680181597811
"2790",-0.00113584466258843
"2791",-0.0220103445453192
"2792",-0.0427224423026553
"2793",0.0195107105576673
"2794",-0.00543973335659675
"2795",-0.0382303194470373
"2796",0.0149097932735947
"2797",0.0145776226518421
"2798",0.00248447397206064
"2799",0.0134058989136987
"2800",0.0126793312605411
"2801",0.00029286304932441
"2802",-0.00628093817338282
"2803",-0.00498654958072287
"2804",0.00129528464186635
"2805",0.0158136808599538
"2806",0.0115454275349167
"2807",-0.0125651911603937
"2808",-0.0101817320613193
"2809",-0.0146474346158794
"2810",0.0051417262342115
"2811",0.0114915821842816
"2812",0.00253187552620382
"2813",-0.000366514800788309
"2814",0.0048274194359097
"2815",0.0172526160602704
"2816",-0.00125580792350188
"2817",-0.00648368722746628
"2818",-0.00514487645483008
"2819",-0.00109038571590681
"2820",0.00108400124207364
"2821",-0.0136229310290252
"2822",0.00169942441093784
"2823",-0.0019209988332074
"2824",-0.0253150438017737
"2825",-0.021545004049659
"2826",0.0269915324823566
"2827",-0.0171581694788108
"2828",-0.00295928666089296
"2829",0.0126967241804223
"2830",-0.021820956440683
"2831",0.0127356959231673
"2832",0.010642046171764
"2833",0.0078611128843038
"2834",-0.0225379743023861
"2835",0.00491637955093704
"2836",0.0157752325231213
"2837",-0.005256050894201
"2838",0.00819355135674016
"2839",-0.00293750046253916
"2840",0.00818807658012943
"2841",0.0106416853476343
"2842",0.000739975696565587
"2843",-0.00556296324386896
"2844",-0.00851563585175619
"2845",-0.000149978470846968
"2846",-0.013558793921403
"2847",0.00246853362813049
"2848",0.0101145553890811
"2849",0.00093817602854962
"2850",-0.00772017902129285
"2851",0.00177532532652958
"2852",-0.00674014336862161
"2853",-0.00220625403308095
"2854",0.0128634985169702
"2855",0.00337761776023715
"2856",0
"2857",0.00961915849009554
"2858",0.00930711118996008
"2859",0.00304663386061144
"2860",0.000476508821563471
"2861",-0.00691089980504689
"2862",0.00419613205601799
"2863",-0.000844918412290951
"2864",-0.0025031090763088
"2865",0.00749026388148266
"2866",-0.0027840477586718
"2867",0.00274756858239567
"2868",-0.00205060060291817
"2869",-0.00238557287500285
"2870",-0.0115677797764588
"2871",0.0132563846719842
"2872",-0.00614477257802459
"2873",0.00976999777837317
"2874",0.00474015685562801
"2875",0.000727186520864009
"2876",0.00832592618598138
"2877",-0.000108076761579312
"2878",0.00295199650740052
"2879",0.00132904792139676
"2880",0.00129152821352463
"2881",-0.00319608945388428
"2882",0.00251464354679332
"2883",-0.00127646454818731
"2884",-0.00205885725771893
"2885",-0.00384034919872356
"2886",0.00170462041850516
"2887",-0.00628862676294606
"2888",0.00182164897498183
"2889",-0.0137063355613627
"2890",0.00221151973114253
"2891",-0.00831886058283882
"2892",0.00570130352888665
"2893",0.00143870582115557
"2894",0.00213563415797235
"2895",-0.00353746311701553
"2896",0.00812481829364575
"2897",0.00842267973504196
"2898",0.0089640803931097
"2899",0.00359190906982132
"2900",-0.00734119959248769
"2901",0.00902505695034073
"2902",0.000787158116803077
"2903",-0.00089466469647359
"2904",0.00403734827997759
"2905",0.0021012765088475
"2906",-0.00377852401764578
"2907",-0.00114357844288904
"2908",0.00185755499005147
"2909",0.00501942076042283
"2910",0.00848632691131712
"2911",-0.00236177644849711
"2912",-0.00679934394613113
"2913",-0.00523712117775865
"2914",0.00491703641521024
"2915",-0.00167189507523702
"2916",0.00543302734416962
"2917",0.00427545387853634
"2918",0.00366045601306197
"2919",0.00329692208747012
"2920",-0.000420298233273719
"2921",-0.00136707606137154
"2922",-0.00672266104312591
"2923",-0.00375044517105927
"2924",0.00636039886108275
"2925",-0.00749546311259941
"2926",0.00805897390805121
"2927",0.0035141491928794
"2928",0.00213763654141985
"2929",0.0023425391839158
"2930",-0.000593820007092738
"2931",-0.00132872989987032
"2932",0.00600017295884658
"2933",0.00786462311029723
"2934",0.000482949960062484
"2935",0.00536630714019815
"2936",-0.00405659840115113
"2937",3.45166331445768e-05
"2938",-0.00172386548095815
"2939",-0.00269501387337456
"2940",-0.00301447384375919
"2941",-0.00194534598845753
"2942",0.00173699079143486
"2943",0.00329195627709744
"2944",0.000242219858551884
"2945",0.00589713176029338
"2946",0.000171843087727552
"2947",-0.00530845769470201
"2948",0.00541169590377599
"2949",0.00106504947331398
"2950",0.0080711185338469
"2951",-0.000914081914340947
"2952",-0.00332750235475121
"2953",-0.000928304181843309
"2954",-0.00299655922335251
"2955",0.00279024700603614
"2956",0.000103266188164142
"2957",0.00346814759727998
"2958",-0.00058298267166812
"2959",0.000548680965771098
"2960",-0.00784645838767428
"2961",-0.00561282399129404
"2962",0
"2963",-0.00146034220817093
"2964",-0.0321752070234602
"2965",-0.0222727343298645
"2966",0.01379287688723
"2967",-0.00563293674410037
"2968",0.0216302152823502
"2969",0.000178423268127226
"2970",-0.0145464194434419
"2971",-0.000542760024526245
"2972",-0.00449895132389688
"2973",-0.00510371982282898
"2974",-0.0307668795393639
"2975",0.0177813557216053
"2976",-0.0177438743710221
"2977",-0.00555561454303533
"2978",0.0147097907057212
"2979",0.0106241931035411
"2980",0.0105855687084118
"2981",-0.00594058798467856
"2982",0.00550190391370808
"2983",0.00630781843267947
"2984",0.0211829065882938
"2985",-0.00181644725800822
"2986",-0.00981635542045556
"2987",-0.0188619353800785
"2988",-0.0018728609503782
"2989",-0.00686021702369377
"2990",0.0103825477022941
"2991",0.00259724535021899
"2992",-0.0170590826756758
"2993",-0.0186796337534254
"2994",0.003401737994845
"2995",-0.0067010408888093
"2996",0.0160152878894824
"2997",0.00335894476493337
"2998",0.0227642033164948
"2999",-0.00218757602778563
"3000",0.00607693579295887
"3001",0.0131543769776723
"3002",-0.0329389048159454
"3003",-0.00151827031365848
"3004",-0.0235101531503146
"3005",0.00189523708889627
"3006",0.000227107471292953
"3007",0.00502281114237935
"3008",-0.000339206736384767
"3009",-0.0186373046969743
"3010",-0.0198133665453692
"3011",-0.0010971161000688
"3012",-0.0150889511188614
"3013",-0.0164118865607366
"3014",-0.020702403166668
"3015",-0.0267782567636061
"3016",0.0492898501834595
"3017",0.00764811199429527
"3018",-0.00129082120014079
"3019",0.00872062207432567
"3020",0.00103982092389199
"3021",-0.0241521020946207
"3022",0.0329469879029896
"3023",0.00785374770049252
"3024",0.00935144871889726
"3025",0.00466253779222026
"3026",0.00352140093387554
"3027",0.000386128501110861
"3028",-0.00611955487403826
"3029",0.0113956035500777
"3030",0.00241703467722409
"3031",0.0075579820167464
"3032",0.0132221651863125
"3033",-0.0136024483834047
"3034",0.00209023769388317
"3035",0.000531317461985203
"3036",0.00842578643794667
"3037",-0.00762928752112391
"3038",-0.00132781637880797
"3039",0.0157067345373934
"3040",0.00874407630525553
"3041",0.00048153363943193
"3042",0.00701082237644357
"3043",0.00418306859527817
"3044",-0.00131908118769264
"3045",-0.00957854716814044
"3046",0.00122074028962604
"3047",0.000554442593604598
"3048",0.0127774877083766
"3049",0.00324160810796936
"3050",-0.00222067004265991
"3051",0.0108384021620305
"3052",0.00172905944995438
"3053",0.00201331484670764
"3054",-0.00356216152197586
"3055",0.00618082077963145
"3056",0.00136037533217959
"3057",-0.000715739018417594
"3058",-0.000429600508319083
"3059",-0.0018643643639713
"3060",0.00622436162954454
"3061",-0.00364406279209728
"3062",-0.00136095639016087
"3063",-0.00607541937584699
"3064",-0.00840055919357496
"3065",-0.0020019825996096
"3066",0.0143971498114936
"3067",0.00376383611445963
"3068",0.00659741015499993
"3069",-0.000640006399768467
"3070",0.00492843035189505
"3071",0.00361927110858051
"3072",0.000247944556495128
"3073",-0.00301445436964531
"3074",0.0112313240774133
"3075",-0.0194338706930459
"3076",-0.000752298731439893
"3077",0.00742642071554656
"3078",-0.00524282119311703
"3079",0.00378328874438605
"3080",0.00628568310576849
"3081",0.0117894255931823
"3082",0.000489754188272684
"3083",0.00157233044017957
"3084",0.00264991955511551
"3085",0.00482848627988997
"3086",0.000762082004663434
"3087",-0.00513801666906133
"3088",0.00340522717022473
"3089",-0.000277670071673342
"3090",0.00674318805412355
"3091",-0.000655048584937923
"3092",0.000655048584937923
"3093",-0.00244985327892167
"3094",0.00196716951629039
"3095",0.000861707621849561
"3096",0.00895149520037641
"3097",-0.00222179525734489
"3098",-0.000616277893628947
"3099",0.00464605348722102
"3100",0.00156651170950184
"3101",0.000510255192076592
"3102",-0.00754491002446223
"3103",-0.00216128091818923
"3104",0.00974019277622062
"3105",-0.00412367812205527
"3106",-0.0168406952228937
"3107",-0.00139021708460252
"3108",-0.00303034041398398
"3109",0.00501084579475375
"3110",-0.0254514189953303
"3111",0.00900301732825159
"3112",0.00584039847138751
"3113",0.00921860706799293
"3114",-0.00648611182160863
"3115",-0.00663396580815423
"3116",0.00897526503430779
"3117",-0.00307614197643691
"3118",-0.0122938862563897
"3119",0.00226580732485537
"3120",-0.00934406652555708
"3121",-0.00673334636094669
"3122",0.00272742144056881
"3123",-0.0135668289450077
"3124",-0.00254613479040788
"3125",0.021474433222382
"3126",0.00862478289145674
"3127",0.00648160261244524
"3128",0.00995730679414208
"3129",0.00457847592994653
"3130",-0.000242306618285504
"3131",-0.00176679129327262
"3132",0.00411774060321246
"3133",-0.00110555154353076
"3134",0.000380098729173106
"3135",0.0104166361328444
"3136",0.00225461946540406
"3137",0.00950897086714519
"3138",-0.0014546523644059
"3139",-0.00122518901314361
"3140",-0.0098563593164771
"3141",-0.000997914830887403
"3142",0.00353970161237349
"3143",0.00513260322652087
"3144",0.00903754998492978
"3145",0.00260092025863923
"3146",0.0079633338373819
"3147",-0.00113852274949178
"3148",-0.00550997229753847
"3149",0.00124575358072665
"3150",0.00476665229808226
"3151",0.00234149498169245
"3152",0.0044669586173276
"3153",0.000332577325971251
"3154",-0.00323048588811847
"3155",-0.00682828010411018
"3156",0.00365421745962813
"3157",-0.00557039695409411
"3158",0.00245343021015554
"3159",0.00712462674528513
"3160",0.00468853169928352
"3161",-0.00478852336661717
"3162",0.00667768786472678
"3163",-0.00182285499325197
"3164",-0.00245770494640052
"3165",-0.0110007229341917
"3166",-0.00874605689267582
"3167",-0.00755800089139846
"3168",-0.0305345627930986
"3169",0.0139254936877338
"3170",0.000590558758495341
"3171",0.0194300857663618
"3172",-0.00683482953996251
"3173",-0.0122480372846043
"3174",0.0154320207576806
"3175",-0.0300135088708924
"3176",0.00263829197385057
"3177",0.0146472086807279
"3178",0.0119757136609193
"3179",-0.00769205078793345
"3180",0.00796573482436358
