"Index","Open","High","Low","Close","Volume","Adjusted"
"2011-09-19",25.11,25.11,25.11,25.11,100,25.11
"2011-09-20",25.268,25.57,25.268,25.57,200,25.57
"2011-09-21",24.58,24.73,24.56,24.73,700,24.73
"2011-09-22",23.98,24.23,23.76,23.76,2300,23.76
"2011-09-23",23.33,23.33,23.33,23.33,200,23.33
"2011-09-26",23.42,23.42,23.4208,23.42,1000,23.42
"2011-09-27",23.91,23.91,23.7201,23.72,1600,23.72
"2011-09-28",23.78,23.78,23.5,23.5,400,23.5
"2011-09-29",24.2906,25.16,24.29,25.16,1500,25.16
"2011-09-30",24.365,24.365,24.365,24.365,2000,24.37
"2011-10-03",24.37,24.37,24.37,24.37,0,24.37
"2011-10-04",24.37,24.37,24.37,24.37,0,24.37
"2011-10-05",23.47,23.47,23.47,23.47,100,23.47
"2011-10-06",23.47,23.47,23.47,23.47,0,23.47
"2011-10-07",24.15,24.15,24.15,24.15,100,24.15
"2011-10-10",24.15,24.15,24.15,24.15,0,24.15
"2011-10-11",24.51,24.51,24.51,24.51,200,24.51
"2011-10-12",24.51,24.51,24.51,24.51,0,24.51
"2011-10-13",24.51,24.51,24.51,24.51,0,24.51
"2011-10-14",25.99,26.43,25.99,26.24,500,26.24
"2011-10-17",26.17,26.31,26.17,26.31,200,26.31
"2011-10-18",26.31,26.31,26.31,26.31,0,26.31
"2011-10-19",26.25,26.2502,25.58,25.58,400,25.58
"2011-10-20",25.58,25.58,25.58,25.58,0,25.58
"2011-10-21",25.5086,25.51,25.092,25.092,400,25.09
"2011-10-24",25.35,25.35,25.35,25.35,200,25.35
"2011-10-25",25.35,25.35,25.35,25.35,0,25.35
"2011-10-26",25.28,25.28,25.28,25.28,200,25.28
"2011-10-27",25.52,25.52,25.52,25.52,100,25.52
"2011-10-28",25.52,25.59,25.4,25.4,1100,25.4
"2011-10-31",25.06,25.06,25.06,25.06,100,25.06
"2011-11-01",24.77,24.96,24.62,24.62,300,24.62
"2011-11-02",24.58,24.88,24.54,24.64,1700,24.64
"2011-11-03",24.64,24.64,24.64,24.64,0,24.64
"2011-11-04",24.64,24.64,24.64,24.64,0,24.64
"2011-11-07",24.64,24.64,24.64,24.64,0,24.64
"2011-11-08",24.812,25.16,24.8113,25.16,400,25.16
"2011-11-09",24.7,24.7,24.7,24.7,100,24.7
"2011-11-10",24.7781,24.78,24.69,24.69,600,24.69
"2011-11-11",24.69,24.69,24.69,24.69,0,24.69
"2011-11-14",24.29,24.29,24.061,24.061,400,24.06
"2011-11-15",24.06,24.06,24.06,24.06,0,24.06
"2011-11-16",24.04,24.05,24.04,24.05,400,24.05
"2011-11-17",24.05,24.05,24.05,24.05,0,24.05
"2011-11-18",23.67,23.67,23.67,23.67,100,23.67
"2011-11-21",23.88,23.88,23.88,23.88,200,23.88
"2011-11-22",23.88,23.88,23.88,23.88,0,23.88
"2011-11-23",23.88,23.88,23.88,23.88,0,23.88
"2011-11-25",22.86,22.86,22.86,22.86,400,22.86
"2011-11-28",22.86,22.86,22.86,22.86,0,22.86
"2011-11-29",22.9984,23.21,23,23.21,1100,23.21
"2011-11-30",23.44,23.44,23.42,23.42,400,23.42
"2011-12-01",23.42,23.42,23.42,23.42,0,23.42
"2011-12-02",23.39,23.39,23.24,23.24,600,23.24
"2011-12-05",23.57,23.57,23.57,23.57,100,23.57
"2011-12-06",23.57,23.57,23.57,23.57,0,23.57
"2011-12-07",23.61,23.61,22.89,22.89,4100,22.89
"2011-12-08",23.4,23.66,23.4,23.66,600,23.66
"2011-12-09",23.66,23.66,23.66,23.66,0,23.66
"2011-12-12",22.9612,23.68,22.8,23.68,1200,23.68
"2011-12-13",23.08,23.08,23,23,600,23
"2011-12-14",22.47,22.55,22.4708,22.55,500,22.55
"2011-12-15",22.55,22.55,22.55,22.55,0,22.55
"2011-12-16",22.77,22.77,22.77,22.77,100,22.77
"2011-12-19",22.9,22.946,22.83,22.946,400,22.95
"2011-12-20",22.95,22.95,22.95,22.95,0,22.95
"2011-12-21",22.95,22.9487,22.95,22.95,200,22.95
"2011-12-22",22.95,22.95,22.95,22.95,0,22.95
"2011-12-23",23.3584,23.36,23.16,23.16,500,23.16
"2011-12-27",23.339,23.339,23.339,23.339,900,23.34
"2011-12-28",23.31,23.33,22.85,22.85,1400,22.85
"2011-12-29",22.98,22.98,22.9791,22.98,100,22.98
"2011-12-30",22.93,22.93,22.93,22.93,100,22.93
"2012-01-03",23.68,23.81,23.68,23.81,200,23.81
"2012-01-04",23.93,24.3301,23.93,24.33,800,24.33
"2012-01-05",23.5,23.52,22.6,22.84,1000,22.84
"2012-01-06",22.75,22.85,22.75,22.85,400,22.85
"2012-01-09",22.65,23.01,22.6,23,1400,23
"2012-01-10",23,23,23,23,0,23
"2012-01-11",23.3,23.3,23.3,23.3,200,23.3
"2012-01-12",23.1,23.1,23.04,23.04,200,23.04
"2012-01-13",22.95,22.95,22.95,22.95,900,22.95
"2012-01-17",23.44,23.44,23.19,23.21,800,23.21
"2012-01-18",23.21,23.21,23.21,23.21,0,23.21
"2012-01-19",23.6,23.62,23.54,23.62,1100,23.62
"2012-01-20",23.55,23.69,23.5,23.67,900,23.67
"2012-01-23",23.97,23.98,23.97,23.98,200,23.98
"2012-01-24",23.97,23.98,23.91,23.91,1000,23.91
"2012-01-25",23.8,23.811,23.75,23.8,1600,23.8
"2012-01-26",23.87,23.87,23.82,23.82,200,23.82
"2012-01-27",23.52,23.52,23.441,23.441,800,23.44
"2012-01-30",23.27,23.27,23.22,23.22,500,23.22
"2012-01-31",23.17,23.17,23.17,23.17,200,23.17
"2012-02-01",22.94,22.94,22.94,22.94,100,22.94
"2012-02-02",22.96,23.12,22.85,22.86,2700,22.86
"2012-02-03",23.21,23.21,23.12,23.13,1400,23.13
"2012-02-06",23.13,23.13,23.13,23.13,0,23.13
"2012-02-07",23.37,23.37,23.36,23.36,1900,23.36
"2012-02-08",23.45,23.45,23.4502,23.45,900,23.45
"2012-02-09",23.45,23.45,23.45,23.45,0,23.45
"2012-02-10",23.5,23.5,23.5,23.5,300,23.5
"2012-02-13",23.5,23.5,23.5,23.5,0,23.5
"2012-02-14",22.9997,23.02,22.91,23.02,2100,23.02
"2012-02-15",23.12,23.12,23.12,23.12,500,23.12
"2012-02-16",23.39,23.39,23.39,23.39,200,23.39
"2012-02-17",23.3,23.3,23.3,23.3,200,23.3
"2012-02-21",23.62,23.62,23.62,23.62,200,23.62
"2012-02-22",23.62,23.62,23.62,23.62,0,23.62
"2012-02-23",23.62,23.62,23.62,23.62,0,23.62
"2012-02-24",24.2,24.26,24.19,24.26,1000,24.26
"2012-02-27",24.49,24.93,24.4914,24.66,1700,24.66
"2012-02-28",24.54,24.59,24.54,24.59,1300,24.59
"2012-02-29",24.3,24.31,23.364,23.364,700,23.36
"2012-03-01",24.2,24.2,24.2,24.2,400,24.2
"2012-03-02",24.26,24.55,24.26,24.55,800,24.55
"2012-03-05",24.55,24.55,24.55,24.55,0,24.55
"2012-03-06",23.59,23.59,23.46,23.46,200,23.46
"2012-03-07",23.46,23.46,23.46,23.46,0,23.46
"2012-03-08",23.2194,23.22,23.08,23.08,400,23.08
"2012-03-09",22.84,23.32,22.84,23.32,1000,23.32
"2012-03-12",22.69,22.69,22.69,22.69,100,22.69
"2012-03-13",23.05,23.27,23.05,23.27,200,23.27
"2012-03-14",23.27,23.27,23.27,23.27,0,23.27
"2012-03-15",23.27,23.27,23.27,23.27,0,23.27
"2012-03-16",23.27,23.27,23.27,23.27,0,23.27
"2012-03-19",23.27,23.27,23.27,23.27,0,23.27
"2012-03-20",24.16,24.16,24.16,24.16,100,24.16
"2012-03-21",24.16,24.16,24.16,24.16,0,24.16
"2012-03-22",24.16,24.16,24.16,24.16,0,24.16
"2012-03-23",24.16,24.16,24.16,24.16,0,24.16
"2012-03-26",24.14,24.14,23.293,23.62,56000,23.62
"2012-03-27",23.57,23.57,23.44,23.44,1500,23.44
"2012-03-28",23.44,23.44,23.44,23.44,0,23.44
"2012-03-29",23.54,23.54,23.44,23.44,2000,23.44
"2012-03-30",23.68,23.81,23.68,23.79,1600,23.79
"2012-04-02",23.79,23.79,23.79,23.79,0,23.79
"2012-04-03",23.55,23.57,23.511,23.54,2400,23.54
"2012-04-04",23.629,23.629,23.629,23.629,1000,23.63
"2012-04-05",23.79,23.79,23.77,23.78,2000,23.78
"2012-04-09",23.91,23.95,23.883,23.95,1200,23.95
"2012-04-10",23.95,23.95,23.95,23.95,0,23.95
"2012-04-11",23.95,23.95,23.95,23.95,0,23.95
"2012-04-12",23.46,23.4595,23.46,23.46,200,23.46
"2012-04-13",23.02,23.0202,23.02,23.02,300,23.02
"2012-04-16",22.51,22.51,22.4,22.4,3000,22.4
"2012-04-17",22.76,22.77,22.7601,22.77,300,22.77
"2012-04-18",22.77,22.77,22.77,22.77,0,22.77
"2012-04-19",22.21,22.21,21.951,21.951,2700,21.95
"2012-04-20",21.95,21.95,21.95,21.95,0,21.95
"2012-04-23",21.725,21.725,21.725,21.725,1500,21.73
"2012-04-24",21.64,21.64,21.64,21.64,100,21.64
"2012-04-25",24.4988,24.5,21.8,21.8,1200,21.8
"2012-04-26",21.8,21.8,21.8,21.8,0,21.8
"2012-04-27",21.33,21.33,21.3256,21.327,2300,21.33
"2012-04-30",21.3815,21.39,21.12,21.12,2100,21.12
"2012-05-01",20.98,20.98,20.98,20.98,2000,20.98
"2012-05-02",20.95,21.09,20.89,21.09,500,21.09
"2012-05-03",21.09,21.09,21.09,21.09,0,21.09
"2012-05-04",21.09,21.09,21.09,21.09,0,21.09
"2012-05-07",20.873,20.873,20.75,20.75,2500,20.75
"2012-05-08",20.73,20.73,20.094,20.573,2500,20.57
"2012-05-09",20.57,20.57,20.57,20.57,0,20.57
"2012-05-10",20.395,20.395,20.395,20.395,1600,20.4
"2012-05-11",20.4,20.4,20.4,20.4,0,20.4
"2012-05-14",20.4,20.4,20.4,20.4,0,20.4
"2012-05-15",20.65,20.65,20.65,20.65,400,20.65
"2012-05-16",20.65,20.65,20.65,20.65,0,20.65
"2012-05-17",20.65,20.65,20.65,20.65,0,20.65
"2012-05-18",20.379,20.4,20.379,20.4,3700,20.4
"2012-05-21",20.4,20.4,20.4,20.4,0,20.4
"2012-05-22",20,20,19.9,19.9,1000,19.9
"2012-05-23",19.6,19.6,19.6,19.6,100,19.6
"2012-05-24",19.6,19.6,19.6,19.6,0,19.6
"2012-05-25",19.62,19.62,19.62,19.62,1600,19.62
"2012-05-29",19.592,19.5915,19.592,19.592,300,19.59
"2012-05-30",19.38,19.44,19.38,19.41,1600,19.41
"2012-05-31",19.248,19.248,19.248,19.248,200,19.25
"2012-06-01",18.8921,19.56,18.892,19.01,1700,19.01
"2012-06-04",19.004,19.004,19.004,19.004,1400,19
"2012-06-05",19,19,19,19,0,19
"2012-06-06",19.34,21.51,19.324,21.51,2600,21.51
"2012-06-07",19.286,19.286,19.286,19.286,3000,19.29
"2012-06-08",19.29,19.29,19.29,19.29,0,19.29
"2012-06-11",19.33,19.33,19.3,19.3,600,19.3
"2012-06-12",19.19,19.19,19.15,19.15,5100,19.15
"2012-06-13",19.15,19.15,19.15,19.15,0,19.15
"2012-06-14",19.0093,19.05,18.63,18.63,7000,18.63
"2012-06-15",18.99,19.75,18.4,19.19,14300,19.19
"2012-06-18",19.19,19.19,19.19,19.19,0,19.19
"2012-06-19",19.18,19.48,19.18,19.48,2400,19.48
"2012-06-20",19.48,19.48,19.48,19.48,0,19.48
"2012-06-21",19.65,19.69,19.02,19.02,11000,19.02
"2012-06-22",19.33,19.33,18.69,18.77,3700,18.77
"2012-06-25",18.7,18.8,18.69,18.8,1300,18.8
"2012-06-26",18.83,18.83,18.83,18.83,500,18.83
"2012-06-27",18.83,18.83,18.83,18.83,0,18.83
"2012-06-28",19.47,19.47,18.86,19.18,3800,19.18
"2012-06-29",19.18,19.18,19.18,19.18,0,19.18
"2012-07-02",19.47,19.48,19.47,19.47,1300,19.47
"2012-07-03",19.66,19.84,19.66,19.84,1100,19.84
"2012-07-05",19.98,20.18,19.98,20,4900,20
"2012-07-06",20.13,20.16,19.97,19.999,2400,20
"2012-07-09",20.47,20.85,20.45,20.82,3800,20.82
"2012-07-10",20.79,21.16,20.67,20.7,6100,20.7
"2012-07-11",20.81,21,20.64,21,9200,21
"2012-07-12",20.58,21.08,20.4,20.41,5300,20.41
"2012-07-13",20.63,20.887,20.5707,20.76,23000,20.76
"2012-07-16",20.46,20.68,20.31,20.68,2700,20.68
"2012-07-17",20.6,20.76,20.6,20.69,1500,20.69
"2012-07-18",20.74,20.8,20.71,20.72,1000,20.72
"2012-07-19",20.75,20.82,20.487,20.78,4100,20.78
"2012-07-20",20.7,21.09,20.7009,21.02,9100,21.02
"2012-07-23",20.98,21.03,20.84,21.02,2200,21.02
"2012-07-24",21.01,21.01,20.78,20.78,1500,20.78
"2012-07-25",20.83,20.83,20.83,20.83,200,20.83
"2012-07-26",20.48,21.08,19.75,19.875,5300,19.88
"2012-07-27",20.23,20.54,20.23,20.539,4300,20.54
"2012-07-30",20.5393,20.56,20.54,20.56,1800,20.56
"2012-07-31",20.56,20.56,20.56,20.56,0,20.56
"2012-08-01",20.46,20.46,20.34,20.34,33700,20.34
"2012-08-02",20.23,20.23,19.97,20.07,8400,20.07
"2012-08-03",20.07,20.07,20,20,200,20
"2012-08-06",20,20,19.55,19.763,11200,19.76
"2012-08-07",19.5803,19.6,19.58,19.6,600,19.6
"2012-08-08",19.55,19.55,19.41,19.41,1900,19.41
"2012-08-09",19.25,19.3195,19.14,19.23,3300,19.23
"2012-08-10",19.23,19.23,19.23,19.23,0,19.23
"2012-08-13",19.05,19.05,19,19,300,19
"2012-08-14",18.93,18.935,18.82,18.82,400,18.82
"2012-08-15",18.98,19.06,18.98,19.02,800,19.02
"2012-08-16",18.97,19.048,18.8,18.8,1400,18.8
"2012-08-17",18.95,19.2,18.95,19.2,4400,19.2
"2012-08-20",19.16,19.16,19.16,19.16,600,19.16
"2012-08-21",18.86,18.86,18.53,18.53,800,18.53
"2012-08-22",18.65,18.71,18.65,18.71,800,18.71
"2012-08-23",18.71,18.76,18.53,18.76,2500,18.76
"2012-08-24",18.54,18.659,18.4,18.659,2800,18.66
"2012-08-27",18.55,18.62,18.37,18.37,1500,18.37
"2012-08-28",18.69,18.69,18.69,18.69,100,18.69
"2012-08-29",18.71,18.71,18.55,18.55,4700,18.55
"2012-08-30",18.7479,18.83,18.65,18.83,1400,18.83
"2012-08-31",18.56,18.779,18.56,18.769,1000,18.77
"2012-09-04",18.74,18.74,18.4,18.4,3600,18.4
"2012-09-05",18.3,18.3,18.26,18.26,1600,18.26
"2012-09-06",18.05,18.11,17.96,17.96,2900,17.96
"2012-09-07",18.15,18.34,18.15,18.33,1200,18.33
"2012-09-10",18.33,18.33,18.33,18.33,0,18.33
"2012-09-11",18.43,18.43,18.267,18.267,1000,18.27
"2012-09-12",18.7,18.7,18.55,18.55,6100,18.55
"2012-09-13",18.64,18.76,18.63,18.7,700,18.7
"2012-09-14",18.97,18.97,18.8672,18.87,3500,18.87
"2012-09-17",18.9,18.9,18.836,18.836,700,18.84
"2012-09-18",18.42,18.42,18.32,18.32,1300,18.32
"2012-09-19",18.39,18.39,18,18,7000,18
"2012-09-20",18,18.03,18,18.03,300,18.03
"2012-09-21",18.418,18.48,18.032,18.35,4900,18.35
"2012-09-24",18.35,18.35,18.35,18.35,0,18.35
"2012-09-25",18.77,19.455,18.66,18.85,19900,18.85
"2012-09-26",18.67,18.67,18.4,18.44,13900,18.44
"2012-09-27",18.36,18.56,18.32,18.53,6700,18.53
"2012-09-28",18.44,18.44,18.41,18.41,1400,18.41
"2012-10-01",18.9809,19.21,18.84,19.034,7400,19.03
"2012-10-02",19.148,19.56,19.14,19.56,29400,19.56
"2012-10-03",19.13,19.58,19.1,19.5,4700,19.5
"2012-10-04",19.46,19.55,19.012,19.48,46800,19.48
"2012-10-05",19.2,19.39,19.04,19.39,3800,19.39
"2012-10-08",19.16,19.385,19.12,19.25,5700,19.25
"2012-10-09",19.34,19.37,19.1291,19.21,14200,19.21
"2012-10-10",19.07,19.19,18.92,18.93,52000,18.93
"2012-10-11",18.67,18.76,18.35,18.44,28300,18.44
"2012-10-12",18.21,18.23,17.95,18.21,19800,18.21
"2012-10-15",18.11,18.11,17.42,17.86,23200,17.86
"2012-10-16",17.9604,18.14,17.94,18.14,3700,18.14
"2012-10-17",18.08,18.09,18.08,18.09,400,18.09
"2012-10-18",17.87,17.95,17.78,17.949,8800,17.95
"2012-10-19",17.9315,18.49,17.93,18.17,54300,18.17
"2012-10-22",17.97,17.97,17.71,17.74,14600,17.74
"2012-10-23",17.704,17.704,17.577,17.64,6900,17.64
"2012-10-24",17.56,17.73,17.56,17.67,3300,17.67
"2012-10-25",17.53,17.59,17.5,17.58,3000,17.58
"2012-10-26",17.46,17.5085,17.34,17.51,24800,17.51
"2012-10-31",17.72,17.75,17.33,17.55,9100,17.55
"2012-11-01",17.46,17.51,17.46,17.49,8700,17.49
"2012-11-02",17.51,17.72,17.4998,17.62,16500,17.62
"2012-11-05",17.46,17.55,17.41,17.52,24100,17.52
"2012-11-06",17.7717,17.88,17.72,17.77,43300,17.77
"2012-11-07",17.68,17.68,17.33,17.39,16600,17.39
"2012-11-08",17.18,17.3,17.13,17.21,11000,17.21
"2012-11-09",17.45,17.48,17.37,17.39,32100,17.39
"2012-11-12",17.43,17.648,17.43,17.49,28100,17.49
"2012-11-13",17.7,17.76,17.52,17.61,25400,17.61
"2012-11-14",17.56,17.58,17.2,17.46,1700,17.46
"2012-11-15",17.2911,17.35,17.29,17.34,3300,17.34
"2012-11-16",17.27,17.42,17.26,17.37,7200,17.37
"2012-11-19",17.886,17.931,17.862,17.91,44400,17.91
"2012-11-20",17.82,17.98,17.82,17.83,21500,17.83
"2012-11-21",17.71,17.75,17.66,17.68,26000,17.68
"2012-11-23",17.4107,17.44,17.32,17.39,15200,17.39
"2012-11-26",17.45,17.45,17.43,17.43,3100,17.43
"2012-11-27",17.54,17.5602,17.43,17.47,12200,17.47
"2012-11-28",17.37,17.51,17.35,17.43,8900,17.43
"2012-11-29",17.52,17.5408,17.5,17.53,4300,17.53
"2012-11-30",17.506,17.55,17.5,17.53,20500,17.53
"2012-12-03",17.83,17.95,17.75,17.814,26700,17.81
"2012-12-04",17.8,17.89,17.47,17.6,18400,17.6
"2012-12-05",17.56,17.73,17.5,17.71,11400,17.71
"2012-12-06",17.63,17.68,17.57,17.6,37900,17.6
"2012-12-07",17.54,17.6,17.49,17.55,34500,17.55
"2012-12-10",17.4,17.42,17.2,17.24,21400,17.24
"2012-12-11",17.2,17.37,17.2,17.28,53400,17.28
"2012-12-12",17.2,17.2,17.02,17.06,17500,17.06
"2012-12-13",16.96,17.12,16.9,17.07,17000,17.07
"2012-12-14",17.09,17.44,17.09,17.388,17500,17.39
"2012-12-17",17.56,17.73,17.52,17.64,15000,17.64
"2012-12-18",17.52,17.78,17.48,17.67,30400,17.67
"2012-12-19",17.63,17.67,17.56,17.63,59200,17.63
"2012-12-20",17.41,17.639,17.41,17.63,10400,17.63
"2012-12-21",17.6408,17.69,17.55,17.55,34000,17.55
"2012-12-24",17.51,17.51,17.51,17.51,700,17.51
"2012-12-26",17.58,17.58,17.55,17.55,800,17.55
"2012-12-27",17.69,17.839,17.69,17.839,900,17.84
"2012-12-28",17.79,17.79,17.69,17.7,2300,17.7
"2012-12-31",17.84,17.86,17.63,17.84,4400,17.84
"2013-01-02",17.95,17.964,17.88,17.892,15800,17.89
"2013-01-03",17.62,17.6294,17.38,17.47,22300,17.47
"2013-01-04",17.2792,17.41,17.27,17.36,79400,17.36
"2013-01-07",17.42,17.48,17.27,17.45,35800,17.45
"2013-01-08",17.37,17.43,17.28,17.282,19200,17.28
"2013-01-09",17.2697,17.45,17.21,17.43,24900,17.43
"2013-01-10",17.4,17.6,17.4,17.57,26100,17.57
"2013-01-11",17.56,17.68,17.56,17.67,8700,17.67
"2013-01-14",17.52,17.54,17.49,17.49,6700,17.49
"2013-01-15",17.46,17.49,17.35,17.38,13400,17.38
"2013-01-16",17.22,17.25,17.11,17.22,17000,17.22
"2013-01-17",17.14,17.16,17.04,17.04,7600,17.04
"2013-01-18",17.09,17.104,17.03,17.06,3100,17.06
"2013-01-22",17,17,16.742,16.76,2900,16.76
"2013-01-23",16.944,16.944,16.944,16.944,500,16.94
"2013-01-24",16.79,17.04,16.79,17.04,1300,17.04
"2013-01-25",16.89,16.99,16.86,16.98,4000,16.98
"2013-01-28",17.22,17.22,17.1644,17.22,3700,17.22
"2013-01-29",16.98,17,16.97,16.97,1100,16.97
"2013-01-30",17.179,17.25,16.95,17.23,1100,17.23
"2013-01-31",17.22,17.31,17.19,17.31,1000,17.31
"2013-02-01",17.31,17.36,17.18,17.23,40400,17.23
"2013-02-04",17.23,17.23,17.23,17.23,0,17.23
"2013-02-05",17.17,17.17,17.0612,17.061,500,17.06
"2013-02-06",17.06,17.06,17.06,17.06,0,17.06
"2013-02-07",16.76,16.78,16.74,16.74,1700,16.74
"2013-02-08",16.7,16.8,16.68,16.8,3100,16.8
"2013-02-11",16.8,16.8,16.8,16.8,0,16.8
"2013-02-12",16.68,16.68,16.5599,16.56,18800,16.56
"2013-02-13",16.73,16.73,16.59,16.66,2400,16.66
"2013-02-14",16.44,16.49,16.32,16.346,20800,16.35
"2013-02-15",16.25,16.25,16.21,16.21,4200,16.21
"2013-02-19",16.42,16.42,16.3,16.34,13000,16.34
"2013-02-20",16.59,16.61,16.48,16.54,17900,16.54
"2013-02-21",16.484,16.484,16.44,16.48,3600,16.48
"2013-02-22",16.69,16.72,16.64,16.69,9700,16.69
"2013-02-25",16.7,16.7,16.48,16.48,4000,16.48
"2013-02-26",16.546,16.63,16.546,16.56,1000,16.56
"2013-02-27",16.5997,16.69,16.59,16.59,4400,16.59
"2013-02-28",16.66,16.66,16.66,16.66,800,16.66
"2013-03-01",16.51,16.51,16.509,16.51,1500,16.51
"2013-03-04",16.56,16.5602,16.56,16.56,200,16.56
"2013-03-05",16.53,16.62,16.53,16.57,700,16.57
"2013-03-06",16.62,16.62,16.499,16.51,14200,16.51
"2013-03-07",16.72,16.9102,16.72,16.89,6700,16.89
"2013-03-08",17.02,17.02,16.74,16.74,9200,16.74
"2013-03-11",17.03,17.05,16.95,17,3000,17
"2013-03-12",16.85,17.01,16.65,17.01,1400,17.01
"2013-03-13",17.01,17.01,17.01,17.01,0,17.01
"2013-03-14",17.06,17.06,17.06,17.06,100,17.06
"2013-03-15",16.96,17,16.96,17,1500,17
"2013-03-18",16.72,16.75,16.537,16.66,5500,16.66
"2013-03-19",16.76,16.8,16.72,16.76,700,16.76
"2013-03-20",16.76,16.76,16.76,16.76,1000,16.76
"2013-03-21",16.76,16.76,16.76,16.76,0,16.76
"2013-03-22",16.67,16.67,16.596,16.596,600,16.6
"2013-03-25",16.5,16.5,16.3406,16.34,1700,16.34
"2013-03-26",16.36,16.3795,16.26,16.28,2000,16.28
"2013-03-27",16.25,16.32,16.22,16.26,1900,16.26
"2013-03-28",16.22,16.22,16.09,16.09,3000,16.09
"2013-04-01",16.12,16.12,16.12,16.12,100,16.12
"2013-04-02",16.12,16.12,16.12,16.12,0,16.12
"2013-04-03",16.06,16.11,16,16,1400,16
"2013-04-04",16.01,16.02,16.01,16.02,800,16.02
"2013-04-05",16.11,16.11,15.9,16.03,1400,16.03
"2013-04-08",15.971,15.971,15.971,15.971,100,15.97
"2013-04-09",16.11,16.11,16.11,16.11,600,16.11
"2013-04-10",16.11,16.2,16.11,16.13,1500,16.13
"2013-04-11",16.1301,16.13,16.13,16.13,300,16.13
"2013-04-12",16.16,16.1902,16.16,16.18,600,16.18
"2013-04-15",15.95,15.95,15.9,15.94,600,15.94
"2013-04-16",16.16,16.16,16.07,16.07,500,16.07
"2013-04-17",16.07,16.07,15.98,15.98,500,15.98
"2013-04-18",15.91,15.9403,15.91,15.94,200,15.94
"2013-04-19",16.14,16.188,16.06,16.188,2200,16.19
"2013-04-22",16.19,16.19,16.19,16.19,0,16.19
"2013-04-23",16.19,16.19,16.19,16.19,0,16.19
"2013-04-24",15.95,15.95,15.777,15.777,1000,15.78
"2013-04-25",15.79,15.79,15.75,15.79,1500,15.79
"2013-04-26",15.8,15.802,15.7989,15.802,500,15.8
"2013-04-29",15.72,15.89,15.72,15.89,400,15.89
"2013-04-30",15.89,15.89,15.89,15.89,0,15.89
"2013-05-01",15.9708,15.97,15.81,15.81,300,15.81
"2013-05-02",15.89,15.9,15.8899,15.9,300,15.9
"2013-05-03",15.95,15.99,15.94,15.99,400,15.99
"2013-05-06",16.03,16.17,16.03,16.06,1700,16.06
"2013-05-07",15.99,15.99,15.99,15.99,400,15.99
"2013-05-08",15.99,15.99,15.99,15.99,0,15.99
"2013-05-09",16.59,16.59,15.901,15.901,700,15.9
"2013-05-10",15.85,15.851,15.81,15.81,500,15.81
"2013-05-13",15.5,15.828,15.07,15.76,1700,15.76
"2013-05-14",15.76,15.76,15.76,15.76,0,15.76
"2013-05-15",15.49,15.49,15.43,15.44,2600,15.44
"2013-05-16",15.599,15.6,15.37,15.38,4400,15.38
"2013-05-17",15.17,15.4,15.17,15.4,2000,15.4
"2013-05-20",15.32,15.32,15.3192,15.32,400,15.32
"2013-05-21",15.32,15.32,15.32,15.32,0,15.32
"2013-05-22",15.408,15.408,15.181,15.181,500,15.18
"2013-05-23",15.36,15.4,15.28,15.28,4100,15.28
"2013-05-24",15.28,15.28,15.28,15.28,0,15.28
"2013-05-28",15.377,15.377,15.26,15.26,4400,15.26
"2013-05-29",15.26,15.26,15.26,15.26,0,15.26
"2013-05-30",15.128,15.128,15.128,15.128,400,15.13
"2013-05-31",15.08,15.11,15.08,15.11,1300,15.11
"2013-06-03",15,15.009,14.98,14.98,1000,14.98
"2013-06-04",14.94,14.94,14.94,14.94,300,14.94
"2013-06-05",14.91,14.91,14.83,14.89,2000,14.89
"2013-06-06",14.89,14.89,14.89,14.89,0,14.89
"2013-06-07",14.94,14.96,14.899,14.921,4100,14.92
"2013-06-10",15.95,15.95,14.92,14.92,1300,14.92
"2013-06-11",14.92,14.92,14.92,14.92,0,14.92
"2013-06-12",14.92,14.92,14.92,14.92,0,14.92
"2013-06-13",14.76,14.787,14.76,14.787,1700,14.79
"2013-06-14",14.978,14.9899,14.978,14.98,700,14.98
"2013-06-17",15.2605,15.3,15.021,15.12,8700,15.12
"2013-06-18",15.15,15.15,15.005,15.005,1400,15.01
"2013-06-19",15.01,15.01,15.01,15.01,0,15.01
"2013-06-20",14.81,14.81,14.685,14.685,700,14.69
"2013-06-21",14.8,14.94,14.78,14.94,800,14.94
"2013-06-24",14.99,15.049,14.99,15.049,1400,15.05
"2013-06-25",15.228,15.228,15.08,15.08,700,15.08
"2013-06-26",15.09,15.167,15.09,15.167,500,15.17
"2013-06-27",15.03,15.03,14.91,14.91,300,14.91
"2013-06-28",14.91,14.92,14.91,14.92,1000,14.92
"2013-07-01",14.85,14.85,14.85,14.85,200,14.85
"2013-07-02",14.64,14.64,14.6,14.62,700,14.62
"2013-07-03",14.62,14.62,14.62,14.62,0,14.62
"2013-07-05",14.36,14.378,14.36,14.378,600,14.38
"2013-07-08",14.38,14.38,14.38,14.38,0,14.38
"2013-07-09",14.4,14.4,14.35,14.35,400,14.35
"2013-07-10",14.52,14.52,14.34,14.34,900,14.34
"2013-07-11",14.26,14.26,14.22,14.229,1300,14.23
"2013-07-12",14.23,14.23,14.23,14.23,0,14.23
"2013-07-15",14.23,14.23,14.23,14.23,0,14.23
"2013-07-16",14.27,14.27,14.27,14.27,200,14.27
"2013-07-17",14.1,14.1799,14.1,14.16,1200,14.16
"2013-07-18",14.31,14.31,14.29,14.29,1300,14.29
"2013-07-19",14.22,14.269,14.2,14.269,800,14.27
"2013-07-22",14.27,14.27,14.27,14.27,0,14.27
"2013-07-23",14.27,14.27,14.27,14.27,0,14.27
"2013-07-24",14.27,14.27,14.27,14.27,0,14.27
"2013-07-25",14.2,14.255,14.2,14.255,300,14.26
"2013-07-26",14.26,14.26,14.26,14.26,0,14.26
"2013-07-29",14.26,14.26,14.26,14.26,0,14.26
"2013-07-30",14.5305,14.53,14.53,14.53,300,14.53
"2013-07-31",14.49,14.53,14.49,14.53,400,14.53
"2013-08-01",14.5397,14.54,14.54,14.54,2200,14.54
"2013-08-02",14.54,14.54,14.54,14.54,0,14.54
"2013-08-05",14.54,14.54,14.54,14.54,0,14.54
"2013-08-06",14.43,14.43,14.43,14.43,100,14.43
"2013-08-07",14.627,14.627,14.627,14.627,100,14.63
"2013-08-08",14.63,14.63,14.63,14.63,0,14.63
"2013-08-09",14.63,14.63,14.63,14.63,0,14.63
"2013-08-12",14.64,14.64,14.64,14.64,200,14.64
"2013-08-13",14.64,14.64,14.64,14.64,0,14.64
"2013-08-14",14.64,14.64,14.64,14.64,0,14.64
"2013-08-15",14.68,14.82,14.654,14.73,2100,14.73
"2013-08-16",14.67,14.67,14.67,14.67,300,14.67
"2013-08-19",14.3591,14.358,14.33,14.33,2200,14.33
"2013-08-20",14.399,14.49,14.25,14.352,9800,14.35
"2013-08-21",14.15,14.21,14.15,14.18,1700,14.18
"2013-08-22",14.05,14.13,14.05,14.13,1700,14.13
"2013-08-23",14.13,14.13,14.13,14.13,0,14.13
"2013-08-26",14.28,14.33,14.28,14.33,3800,14.33
"2013-08-27",14.6303,14.63,14.16,14.23,3700,14.23
"2013-08-28",14.2,14.24,14.2,14.24,300,14.24
"2013-08-29",14.24,14.24,14.24,14.24,0,14.24
"2013-08-30",14.19,14.19,14.19,14.19,100,14.19
"2013-09-03",14.19,14.19,14.19,14.19,0,14.19
"2013-09-04",14.24,14.32,14.2,14.2,16100,14.2
"2013-09-05",14.363,14.37,14.363,14.369,2100,14.37
"2013-09-06",14.51,14.51,14.38,14.38,800,14.38
"2013-09-09",14.38,14.38,14.38,14.38,0,14.38
"2013-09-10",14.639,14.8,14.639,14.8,800,14.8
"2013-09-11",15,15,14.758,14.79,3200,14.79
"2013-09-12",14.96,14.9597,14.843,14.843,2000,14.84
"2013-09-13",14.52,14.83,14.52,14.79,2600,14.79
"2013-09-16",14.8,14.885,14.3,14.71,3700,14.71
"2013-09-17",14.797,14.797,14.55,14.63,2800,14.63
"2013-09-18",14.7896,14.79,14.61,14.7,2300,14.7
"2013-09-19",14.88,14.94,14.82,14.939,2800,14.94
"2013-09-20",14.949,14.949,14.89,14.89,400,14.89
"2013-09-23",14.861,14.861,14.861,14.861,300,14.86
"2013-09-24",15,15.05,15,15.05,2300,15.05
"2013-09-25",15.16,15.16,15.16,15.16,100,15.16
"2013-09-26",15.21,15.22,15.21,15.22,400,15.22
"2013-09-27",15.22,15.22,15.22,15.22,0,15.22
"2013-09-30",15.14,15.21,15.14,15.19,1100,15.19
"2013-10-01",15.18,15.242,15.18,15.242,1200,15.24
"2013-10-02",15.4,15.44,15.4,15.44,4100,15.44
"2013-10-03",15.51,15.56,15.48,15.56,2500,15.56
"2013-10-04",14.168,15.412,14.168,15.4,700,15.4
"2013-10-07",15.35,15.54,15.35,15.54,4100,15.54
"2013-10-08",15.52,15.56,15.51,15.51,2200,15.51
"2013-10-09",15.53,15.5399,15.53,15.53,1200,15.53
"2013-10-10",15.55,15.66,15.55,15.66,1600,15.66
"2013-10-11",16.264,16.264,16.264,16.264,300,16.26
"2013-10-14",15.8,15.86,15.75,15.86,2400,15.86
"2013-10-15",15.65,15.65,15.6,15.6,300,15.6
"2013-10-16",15.6902,15.8,15.69,15.8,1600,15.8
"2013-10-17",15.76,15.83,15.76,15.83,1000,15.83
"2013-10-18",15.91,16,15.88,16,2700,16
"2013-10-21",15.93,16.57,15.93,16.57,8200,16.57
"2013-10-22",15.94,16.03,15.94,16.03,1400,16.03
"2013-10-23",15.9796,15.98,15.85,15.85,6200,15.85
"2013-10-24",15.76,15.76,15.68,15.71,1300,15.71
"2013-10-25",15.79,15.79,15.7,15.71,600,15.71
"2013-10-28",15.65,15.65,15.55,15.59,1400,15.59
"2013-10-29",15.34,15.38,15.34,15.38,5100,15.38
"2013-10-30",15.4101,15.41,15.286,15.349,300,15.35
"2013-10-31",15.3,15.3,15.23,15.23,2400,15.23
"2013-11-01",15.21,15.21,15.2,15.21,2400,15.21
"2013-11-04",15.21,15.21,15.21,15.21,200,15.21
"2013-11-05",15.21,15.21,15.21,15.21,0,15.21
"2013-11-06",15.15,15.15,15.15,15.15,100,15.15
"2013-11-07",15.06,15.08,15.02,15.03,900,15.03
"2013-11-08",15,15,15,15,100,15
"2013-11-11",14.51,14.95,14.51,14.95,700,14.95
"2013-11-12",14.834,14.996,14.83,14.996,800,15
"2013-11-13",15,15,15,15,0,15
"2013-11-14",14.73,14.73,14.73,14.73,200,14.73
"2013-11-15",14.73,14.7293,14.73,14.73,300,14.73
"2013-11-18",14.73,14.73,14.73,14.73,0,14.73
"2013-11-19",14.83,14.83,14.83,14.83,600,14.83
"2013-11-20",14.788,14.85,14.788,14.85,400,14.85
"2013-11-21",14.85,14.85,14.85,14.85,700,14.85
"2013-11-22",14.8,14.8,14.8,14.8,100,14.8
"2013-11-25",14.74,14.74,14.74,14.74,100,14.74
"2013-11-26",14.74,14.74,14.74,14.74,0,14.74
"2013-11-27",14.5,14.7,14.5,14.7,900,14.7
"2013-11-29",14.7,14.7,14.7,14.7,0,14.7
"2013-12-02",14.48,14.55,14.4801,14.55,500,14.55
"2013-12-03",14.33,14.34,14.3,14.313,6900,14.31
"2013-12-04",14.32,14.32,14.26,14.32,1600,14.32
"2013-12-05",14.28,14.28,14.278,14.278,200,14.28
"2013-12-06",14.28,14.28,14.28,14.28,0,14.28
"2013-12-09",14.194,14.194,14.194,14.194,200,14.19
"2013-12-10",14.316,14.316,13.8,13.97,1100,13.97
"2013-12-11",13.97,13.97,13.97,13.97,0,13.97
"2013-12-12",13.97,13.97,13.97,13.97,0,13.97
"2013-12-13",13.97,13.97,13.97,13.97,0,13.97
"2013-12-16",13.97,13.97,13.97,13.97,0,13.97
"2013-12-17",13.97,13.97,13.97,13.97,0,13.97
"2013-12-18",13.97,13.97,13.97,13.97,0,13.97
"2013-12-19",13.63,13.75,13.6088,13.75,1400,13.75
"2013-12-20",13.75,13.75,13.75,13.75,0,13.75
"2013-12-23",13.96,13.96,13.86,13.86,400,13.86
"2013-12-24",14,14,14,14,200,14
"2013-12-26",14.1,14.0999,13.76,13.76,600,13.76
"2013-12-27",13.93,14.1,13.93,14.092,1400,14.09
"2013-12-30",14.15,14.15,13.981,14.006,1600,14.01
"2013-12-31",14.14,14.14,14.05,14.05,6200,14.05
"2014-01-02",13.9,13.9,13.9,13.9,2800,13.9
"2014-01-03",14.08,14.08,13.9,13.9,200,13.9
"2014-01-06",13.9797,13.98,13.75,13.75,1200,13.75
"2014-01-07",13.75,13.75,13.75,13.75,0,13.75
"2014-01-08",13.7,13.7,13.7,13.7,200,13.7
"2014-01-09",13.3299,13.33,13.33,13.33,300,13.33
"2014-01-10",13.2806,13.41,13.28,13.4,6400,13.4
"2014-01-13",13.39,13.39,13.2998,13.3,1000,13.3
"2014-01-14",13.41,13.7,13.41,13.7,1900,13.7
"2014-01-15",13.3,13.6,13.2,13.35,4000,13.35
"2014-01-16",13.367,13.5,13.367,13.5,800,13.5
"2014-01-17",13.28,13.3,13.1996,13.25,1900,13.25
"2014-01-21",13.15,13.24,13.14,13.23,1400,13.23
"2014-01-22",13.1,13.25,13.1,13.25,500,13.25
"2014-01-23",13.2,13.2,13.13,13.17,1200,13.17
"2014-01-24",13.17,13.17,13.17,13.17,0,13.17
"2014-01-27",13,13.02,12.93,12.94,1800,12.94
"2014-01-28",13.089,13.09,13.07,13.07,1300,13.07
"2014-01-29",13.07,13.07,13.07,13.07,0,13.07
"2014-01-30",13.08,13.08,13.08,13.08,300,13.08
"2014-01-31",13.42,13.65,13.42,13.46,1400,13.46
"2014-02-03",13.55,13.57,13.5409,13.57,2100,13.57
"2014-02-04",14.1,14.57,13.867,13.88,6300,13.88
"2014-02-05",13.96,13.96,13.96,13.96,200,13.96
"2014-02-06",13.73,13.86,13.72,13.74,1300,13.74
"2014-02-07",13.73,13.775,13.73,13.775,1100,13.78
"2014-02-10",13.61,13.62,13.61,13.62,500,13.62
"2014-02-11",13.59,14.5,13.51,14.5,1600,14.5
"2014-02-12",13.99,14.41,13.44,14.403,4100,14.4
"2014-02-13",13.76,13.9,13.672,13.9,5500,13.9
"2014-02-14",13.01,13.316,13.01,13.316,400,13.32
"2014-02-18",14.01,14.45,13.974,14.45,1300,14.45
"2014-02-19",14.76,14.85,14.189,14.281,9300,14.28
"2014-02-20",14.289,14.289,14.28,14.28,1400,14.28
"2014-02-21",14.399,14.7,14.356,14.56,2900,14.56
"2014-02-24",14.741,15.2,14.66,15.2,8900,15.2
"2014-02-25",15.05,16.45,14.5,16.45,33300,16.45
"2014-02-26",14.67,14.9,14.532,14.9,7600,14.9
"2014-02-27",14.99,15.99,14.99,15.75,4400,15.75
"2014-02-28",14.91,15.049,14.64,14.722,6600,14.72
"2014-03-03",15.01,15.12,14.99,15.1,8200,15.1
"2014-03-04",14.99,14.99,14.99,14.99,1100,14.99
"2014-03-05",15.3597,15.36,15.25,15.25,1400,15.25
"2014-03-06",15.2988,15.312,15.2,15.2,3700,15.2
"2014-03-07",14.65,15.02,14.65,14.97,2200,14.97
"2014-03-10",15.1,15.15,15.1,15.15,2600,15.15
"2014-03-11",15.28,15.29,15.12,15.25,5600,15.25
"2014-03-12",15.22,15.225,15.06,15.06,2600,15.06
"2014-03-13",14.92,15.07,14.65,14.69,8900,14.69
"2014-03-14",14.43,14.78,14.43,14.64,1600,14.64
"2014-03-17",14.75,14.75,14.65,14.65,2000,14.65
"2014-03-18",14.6,14.75,14.41,14.71,27000,14.71
"2014-03-19",14.775,15.08,14.775,15.08,1500,15.08
"2014-03-20",14.77,15.022,14.41,14.42,3200,14.42
"2014-03-21",14.45,14.522,14.41,14.522,1800,14.52
"2014-03-24",14.525,14.525,14.125,14.125,800,14.13
"2014-03-25",14.6,14.64,14.297,14.64,2600,14.64
"2014-03-26",15,15,14.71,14.71,5800,14.71
"2014-03-27",15.185,15.3495,14.15,14.15,14900,14.15
"2014-03-28",15.23,15.31,14.2,14.2,4200,14.2
"2014-03-31",15.2,15.23,15.09,15.22,1000,15.22
"2014-04-01",15.12,15.12,14.66,14.88,17900,14.88
"2014-04-02",14.67,14.81,14.67,14.78,4600,14.78
"2014-04-03",14.7,15.22,14.59,14.86,22700,14.86
"2014-04-04",14.82,15.277,14.8,15.277,6500,15.28
"2014-04-07",14.9,14.9,14.82,14.82,1000,14.82
"2014-04-08",14.9,14.9,14.404,14.404,4600,14.4
"2014-04-09",14.86,15.0393,14.815,15.04,18800,15.04
"2014-04-10",15.02,15.02,14.22,14.22,2200,14.22
"2014-04-11",14.7,14.91,14.6989,14.877,11200,14.88
"2014-04-14",14.88,14.88,14.88,14.88,0,14.88
"2014-04-15",14.89,14.91,14.7399,14.82,46900,14.82
"2014-04-16",14.9899,15.15,14.99,15.14,13600,15.14
"2014-04-17",14.67,15.63,14.265,14.77,4000,14.77
"2014-04-21",14.74,14.74,14.74,14.74,300,14.74
"2014-04-22",15.08,15.26,14.9,15.259,23600,15.26
"2014-04-23",15.2002,15.2,15.1,15.112,5300,15.11
"2014-04-24",15.1,15.1,14.89,14.99,6600,14.99
"2014-04-25",15.09,15.17,15.03,15.05,2100,15.05
"2014-04-28",14.97,14.99,14.79,14.86,20500,14.86
"2014-04-29",14.84,15,14.84,14.89,41600,14.89
"2014-04-30",15.01,16.07,15.01,15.199,18700,15.2
"2014-05-01",15.15,15.26,15.1,15.26,8400,15.26
"2014-05-02",15,15.52,14.85,14.85,21300,14.85
"2014-05-05",14.85,15.14,14.827,14.93,26100,14.93
"2014-05-06",14.8104,15.3,14.68,15.182,10500,15.18
"2014-05-07",14.83,14.9204,14.81,14.92,4400,14.92
"2014-05-08",14.79,15.53,14.68,15.53,3100,15.53
"2014-05-09",14.87,14.9,14.72,14.83,5800,14.83
"2014-05-12",14.831,15.36,14.56,15.36,11000,15.36
"2014-05-13",15.179,15.18,15.179,15.18,1100,15.18
"2014-05-14",15.25,15.26,15.2,15.2,2300,15.2
"2014-05-15",15.26,15.44,15.21,15.28,22400,15.28
"2014-05-16",15.27,15.27,15.05,15.22,14800,15.22
"2014-05-19",15.2,15.24,15,15,19400,15
"2014-05-20",15.26,15.31,15,15.21,27400,15.21
"2014-05-21",14.85,15.1,14.77,14.85,16200,14.85
"2014-05-22",15.03,15.48,15.01,15.11,12400,15.11
"2014-05-23",14.898,15.208,14.898,15,9200,15
"2014-05-27",14.83,14.84,14.65,14.75,13400,14.75
"2014-05-28",14.7,14.86,14.5,14.51,17900,14.51
"2014-05-29",14.93,14.98,14.86,14.98,5600,14.98
"2014-05-30",14.98,14.98,14.98,14.98,0,14.98
"2014-06-02",14.98,14.98,14.98,14.98,0,14.98
"2014-06-03",14.94,14.94,14.65,14.65,600,14.65
"2014-06-04",14.8,14.8,14.55,14.56,1800,14.56
"2014-06-05",14.613,14.613,14.551,14.551,700,14.55
"2014-06-06",14.55,14.69,14.55,14.69,3500,14.69
"2014-06-09",14.66,14.74,14.601,14.68,5700,14.68
"2014-06-10",14.7,14.7,14.62,14.62,1300,14.62
"2014-06-11",14.62,14.62,14.51,14.51,700,14.51
"2014-06-12",14.5,14.5,14.5,14.5,1400,14.5
"2014-06-13",14.6502,14.75,14.63,14.75,1300,14.75
"2014-06-16",14.86,14.8591,14.8,14.8,3000,14.8
"2014-06-17",14.8,14.8,14.8,14.8,0,14.8
"2014-06-18",14.89,14.89,14.8807,14.89,700,14.89
"2014-06-19",15.25,15.35,15.223,15.3,4000,15.3
"2014-06-20",15.39,15.39,15.3,15.39,900,15.39
"2014-06-23",15.21,15.3,15.2104,15.3,500,15.3
"2014-06-24",15.274,15.37,15.2734,15.36,1100,15.36
"2014-06-25",15.222,15.47,15.222,15.45,6600,15.45
"2014-06-26",15.241,15.241,15.241,15.241,500,15.24
"2014-06-27",15.22,15.51,15.182,15.5,21000,15.5
"2014-06-30",14.96,15.1,14.92,15.1,1200,15.1
"2014-07-01",15,14.9995,14.96,14.96,1100,14.96
"2014-07-02",14.8398,14.91,14.79,14.9,6100,14.9
"2014-07-03",14.9298,14.93,14.9,14.9,300,14.9
"2014-07-07",14.79,14.85,14.522,14.85,1900,14.85
"2014-07-08",14.85,16,14.62,14.62,2100,14.62
"2014-07-09",14.72,14.72,14.4986,14.5,4200,14.5
"2014-07-10",14.57,14.75,14.57,14.73,1000,14.73
"2014-07-11",14.675,14.675,14.5,14.51,4600,14.51
"2014-07-14",14.61,14.69,14.61,14.69,500,14.69
"2014-07-15",14.51,14.51,14.51,14.51,1200,14.51
"2014-07-16",14.53,14.66,14.48,14.48,5700,14.48
"2014-07-17",14.65,14.65,14.24,14.24,3900,14.24
"2014-07-18",14.3,14.3,14,14.2,4300,14.2
"2014-07-21",14.28,14.46,13.84,14.45,4900,14.45
"2014-07-22",14.67,14.67,14.02,14.29,2700,14.29
"2014-07-23",14.45,14.5,14.44,14.49,2900,14.49
"2014-07-24",14.75,14.75,14.75,14.75,400,14.75
"2014-07-25",15,15,14.85,14.85,700,14.85
"2014-07-28",14.7,14.7,14.6,14.7,1300,14.7
"2014-07-29",14.525,14.525,14.5,14.5,600,14.5
"2014-07-30",14.36,14.366,14.36,14.366,600,14.37
"2014-07-31",14.26,14.26,14.191,14.2,900,14.2
"2014-08-01",14.21,14.21,14.15,14.2,1300,14.2
"2014-08-04",14.27,14.4,14.27,14.4,300,14.4
"2014-08-05",14.42,14.4196,14.333,14.4,5700,14.4
"2014-08-06",14.35,14.366,14.268,14.276,4500,14.28
"2014-08-07",14.2283,14.28,14.172,14.172,1200,14.17
"2014-08-08",14,14.18,14,14.16,1300,14.16
"2014-08-11",14.16,14.32,14,14.28,1800,14.28
"2014-08-12",14.27,14.28,14.2,14.2,8200,14.2
"2014-08-13",14.09,14.56,14.03,14.269,39400,14.27
"2014-08-14",14.04,14.091,14.04,14.091,200,14.09
"2014-08-15",14.0299,14.11,13.83,14.04,16500,14.04
"2014-08-18",14.13,14.13,14.13,14.13,500,14.13
"2014-08-19",13.86,13.8606,13.608,13.608,4900,13.61
"2014-08-20",13.8,13.9518,13.77,13.95,5800,13.95
"2014-08-21",14.15,14.15,14.117,14.117,500,14.12
"2014-08-22",14.14,14.14,13.81,14.05,500,14.05
"2014-08-25",13.89,14,13.84,14,1100,14
"2014-08-26",14.05,14.05,13.94,13.94,600,13.94
"2014-08-27",14.0505,14.06,13.96,13.96,2100,13.96
"2014-08-28",14.18,14.18,14.18,14.18,100,14.18
"2014-08-29",14.0893,14.09,14.09,14.09,400,14.09
"2014-09-02",14.02,14.27,14.02,14.07,1800,14.07
"2014-09-03",13.98,14.08,13.98,14,3900,14
"2014-09-04",13.91,14.024,13.89,13.89,14100,13.89
"2014-09-05",14.05,14.05,13.88,13.88,1300,13.88
"2014-09-08",13.98,13.98,13.91,13.91,400,13.91
"2014-09-09",13.88,13.88,13.879,13.88,600,13.88
"2014-09-10",13.5,13.54,13.21,13.512,3500,13.51
"2014-09-11",13.492,13.492,13.492,13.492,100,13.49
"2014-09-12",13.39,13.4,13.2,13.2,6100,13.2
"2014-09-15",13.2,13.2,13.01,13.12,2500,13.12
"2014-09-16",13.18,13.6514,13.013,13.65,3400,13.65
"2014-09-17",13.04,13.4,12.94,13.182,4800,13.18
"2014-09-18",13.08,13.98,12.9405,13.98,5100,13.98
"2014-09-19",13,13,12.8,12.8,6500,12.8
"2014-09-22",12.6,12.71,12.6,12.65,4600,12.65
"2014-09-23",12.76,12.9,12.64,12.64,1200,12.64
"2014-09-24",12.732,12.91,12.732,12.84,3100,12.84
"2014-09-25",13.01,13.06,12.82,12.99,1900,12.99
"2014-09-26",12.99,13.106,12.98,13.08,2000,13.08
"2014-09-29",13.17,13.18,13.16,13.18,300,13.18
"2014-09-30",13.15,13.15,13.15,13.15,200,13.15
"2014-10-01",12.91,12.943,12.91,12.943,1000,12.94
"2014-10-02",12.92,12.9201,12.9,12.9,2100,12.9
"2014-10-03",13,13,13,13,1200,13
"2014-10-06",13.213,13.93,13.213,13.93,1500,13.93
"2014-10-07",13.5101,13.51,13.51,13.51,700,13.51
"2014-10-08",13.51,13.51,13.3,13.325,1800,13.33
"2014-10-09",13.41,13.45,13.41,13.45,1600,13.45
"2014-10-10",13.2613,13.7,13.25,13.7,1200,13.7
"2014-10-13",13.326,13.75,13.326,13.37,13100,13.37
"2014-10-14",13.38,13.38,13.35,13.35,1100,13.35
"2014-10-15",13.35,13.35,13.35,13.35,0,13.35
"2014-10-16",13.25,13.37,13.2,13.2,800,13.2
"2014-10-17",13.17,13.2508,13.14,13.14,2300,13.14
"2014-10-20",13.2,13.371,13.2,13.23,4300,13.23
"2014-10-21",13.14,13.14,13.1416,13.14,100,13.14
"2014-10-22",13.14,13.14,13.14,13.14,0,13.14
"2014-10-23",13.14,13.2,13.099,13.19,13700,13.19
"2014-10-24",13.05,13.098,13.05,13.098,900,13.1
"2014-10-27",13.05,13.05,13.05,13.05,1000,13.05
"2014-10-28",12.87,13.1,12.85,12.94,13200,12.94
"2014-10-29",12.94,12.94,12.94,12.94,0,12.94
"2014-10-30",12.81,13.27,12.81,12.86,14900,12.86
"2014-10-31",12.82,12.82,12.82,12.82,500,12.82
"2014-11-03",12.84,14.19,12.82,13.18,4600,13.18
"2014-11-04",12.91,13.1009,12.76,12.8,8800,12.8
"2014-11-05",12.75,12.7498,12.6,12.6,2800,12.6
"2014-11-06",12.61,12.65,12.61,12.61,1400,12.61
"2014-11-07",12.75,12.86,12.672,12.672,1800,12.67
"2014-11-10",12.69,12.7,12.67,12.7,2300,12.7
"2014-11-11",12.93,13.07,12.89,13.07,6000,13.07
"2014-11-12",13.07,13.284,13.07,13.21,12000,13.21
"2014-11-13",13.1,13.1,12.835,12.97,5100,12.97
"2014-11-14",12.9,12.9,12.9,12.9,200,12.9
"2014-11-17",12.8,12.802,12.72,12.74,3100,12.74
"2014-11-18",12.79,12.79,12.79,12.79,200,12.79
"2014-11-19",12.9,14.45,12.89,12.97,13100,12.97
"2014-11-20",13,13.07,12.94,13,4900,13
"2014-11-21",12.9,13.15,12.86,13.12,3800,13.12
"2014-11-24",12.9688,12.97,12.85,12.85,800,12.85
"2014-11-25",12.86,12.986,12.78,12.986,2500,12.99
"2014-11-26",12.91,13.09,12.88,13.09,2500,13.09
"2014-11-28",12.7,12.7,12.6,12.6,8300,12.6
"2014-12-01",12.53,12.66,12.51,12.583,1700,12.58
"2014-12-02",12.51,12.55,12.4,12.44,10700,12.44
"2014-12-03",12.34,12.34,12.153,12.153,2500,12.15
"2014-12-04",12.19,12.23,12.19,12.23,400,12.23
"2014-12-05",12.21,12.26,12.21,12.26,800,12.26
"2014-12-08",12.34,12.34,12.289,12.305,700,12.31
"2014-12-09",12.306,12.48,12.3055,12.48,1200,12.48
"2014-12-10",12.49,12.5,12.49,12.5,1500,12.5
"2014-12-11",12.39,12.39,12.16,12.16,1400,12.16
"2014-12-12",12.201,12.21,12,12.001,2200,12
"2014-12-15",12.3,12.3,12,12.05,1100,12.05
"2014-12-16",12.01,12.03,11.79,11.95,5100,11.95
"2014-12-17",11.95,11.98,11.82,11.82,1100,11.82
"2014-12-18",11.945,11.961,11.945,11.961,700,11.96
"2014-12-19",11.963,12.35,11.963,12.35,400,12.35
"2014-12-22",12.162,12.19,12,12.15,8800,12.15
"2014-12-23",12.004,12.2,12.004,12.2,1300,12.2
"2014-12-24",11.9898,12,11.973,12,1000,12
"2014-12-26",11.96,11.96,11.79,11.79,1100,11.79
"2014-12-29",11.87,12,11.86,12,2900,12
"2014-12-30",11.929,11.93,11.801,11.801,3400,11.8
"2014-12-31",11.793,11.88,11.79,11.88,5200,11.88
"2015-01-02",11.59,11.6,11.46,11.59,4600,11.59
"2015-01-05",11.6,11.6,11.45,11.45,1700,11.45
"2015-01-06",11.7,11.94,11.7,11.86,9800,11.86
"2015-01-07",11.94,11.94,11.71,11.71,400,11.71
"2015-01-08",12,12.08,11.872,12.07,2000,12.07
"2015-01-09",12.0908,12.09,11.95,11.96,1300,11.96
"2015-01-12",11.86,11.9,11.765,11.765,1900,11.77
"2015-01-13",11.85,11.901,11.85,11.89,2300,11.89
"2015-01-14",12.09,12.0894,12.03,12.065,2600,12.07
"2015-01-15",12.2,12.2194,12.2,12.22,500,12.22
"2015-01-16",12.22,12.22,12.22,12.22,0,12.22
"2015-01-20",12.26,12.5362,12.23,12.536,8600,12.54
"2015-01-21",12.559,13.03,12.55,12.69,16900,12.69
"2015-01-22",12.68,12.82,12.5,12.82,6500,12.82
"2015-01-23",12.37,12.37,11.98,12.11,2100,12.11
"2015-01-26",12.16,12.47,12.16,12.45,4200,12.45
"2015-01-27",12.26,12.26,12.21,12.21,1200,12.21
"2015-01-28",12.23,12.23,12.18,12.18,500,12.18
"2015-01-29",11.871,12.17,11.871,11.99,5000,11.99
"2015-01-30",12.28,12.339,11.9,12.049,24200,12.05
"2015-02-02",11.99,11.99,11.572,11.572,5600,11.57
"2015-02-03",11.93,11.93,11.66,11.77,9800,11.77
"2015-02-04",11.8,11.87,11.58,11.7,8700,11.7
"2015-02-05",11.742,11.98,11.5,11.52,6000,11.52
"2015-02-06",11.53,12.02,11.53,12.02,400,12.02
"2015-02-09",11.82,11.82,11.51,11.51,500,11.51
"2015-02-10",11.61,11.7,11.45,11.5,4100,11.5
"2015-02-11",11.46,11.55,11.46,11.501,4100,11.5
"2015-02-12",11.7,11.7,11.7,11.7,300,11.7
"2015-02-13",11.68,11.8,11.68,11.7,600,11.7
"2015-02-17",11.68,11.75,11.6,11.75,3000,11.75
"2015-02-18",11.75,11.75,11.75,11.75,0,11.75
"2015-02-19",11.49,11.6,11.49,11.6,4000,11.6
"2015-02-20",11.48,11.666,11.34,11.5,3900,11.5
"2015-02-23",11.36,11.512,11.34,11.512,2700,11.51
"2015-02-24",11.23,11.509,11.23,11.509,600,11.51
"2015-02-25",11.21,11.53,11.1,11.32,12600,11.32
"2015-02-26",11.3,11.3,11.1,11.25,1800,11.25
"2015-02-27",11.1,11.29,11.084,11.158,2300,11.16
"2015-03-02",11.19,11.19,11.01,11.02,1200,11.02
"2015-03-03",10.96,10.96,10.44,10.836,2600,10.84
"2015-03-04",10.79,10.79,10.79,10.79,200,10.79
"2015-03-05",10.75,10.788,10.7,10.788,900,10.79
"2015-03-06",10.775,10.809,10.75,10.77,1200,10.77
"2015-03-09",10.619,10.79,10.54,10.67,3400,10.67
"2015-03-10",10.51,10.51,10.4,10.4,500,10.4
"2015-03-11",10.3115,10.62,10.31,10.45,3600,10.45
"2015-03-12",10.41,10.42,10.41,10.41,1500,10.41
"2015-03-13",10.41,10.41,10.2,10.41,1200,10.41
"2015-03-16",10.11,10.405,10.11,10.405,2700,10.41
"2015-03-17",10.5,10.5,10.1401,10.15,3000,10.15
"2015-03-18",10.2,10.305,10.2,10.2,2200,10.2
"2015-03-19",10.26,10.26,10.0598,10.1,1000,10.1
"2015-03-20",10.29,10.3,10.02,10.19,4100,10.19
"2015-03-23",10.25,10.25,10.18,10.18,2300,10.18
"2015-03-24",10.19,10.19,10.1894,10.19,300,10.19
"2015-03-25",10.2,10.2,10.2,10.2,500,10.2
"2015-03-26",10.01,10.146,10.01,10.146,1000,10.15
"2015-03-27",9.95,9.95,9.76,9.91,1900,9.91
"2015-03-30",9.8,9.8,9.79,9.79,1100,9.79
"2015-03-31",9.63,9.63,9.6,9.6,700,9.6
"2015-04-01",9.61,9.95,9.61,9.8,2200,9.8
"2015-04-02",9.94,9.94,9.94,9.94,200,9.94
"2015-04-06",10.2001,10.35,10,10,1600,10
"2015-04-07",10,10.21,9.87,10.03,12200,10.03
"2015-04-08",10.1,10.1,10.1,10.1,100,10.1
"2015-04-09",10,10,10,10,3100,10
"2015-04-10",10,10.1,10,10.1,1500,10.1
"2015-04-13",10.21,10.21,10.21,10.21,200,10.21
"2015-04-14",10.21,10.21,10.21,10.21,0,10.21
"2015-04-15",10.4499,10.45,10.45,10.45,1200,10.45
"2015-04-16",10.5,10.6,10.44,10.44,4100,10.44
"2015-04-17",10.23,10.44,10.23,10.431,700,10.43
"2015-04-20",10.31,10.31,10.0302,10.03,4400,10.03
"2015-04-21",9.83,9.91,9.83,9.91,600,9.91
"2015-04-22",9.85,9.91,9.85,9.91,800,9.91
"2015-04-23",9.91,9.91,9.91,9.91,400,9.91
"2015-04-24",9.95,9.95,9.95,9.95,500,9.95
"2015-04-27",10.25,10.614,10.24,10.41,5800,10.41
"2015-04-28",10.41,10.41,10.41,10.41,0,10.41
"2015-04-29",9.96,10.2,9.95,10.2,1200,10.2
"2015-04-30",10.32,10.32,10.32,10.32,1100,10.32
"2015-05-01",9.95,9.95,9.95,9.95,600,9.95
"2015-05-04",10.33,10.33,10.1,10.1,700,10.1
"2015-05-05",10.3,10.3,10.3,10.3,1100,10.3
"2015-05-06",9.99,9.99,9.99,9.99,1500,9.99
"2015-05-07",10.3,10.2997,10.106,10.3,2900,10.3
"2015-05-08",10.3,10.3,10.2999,10.3,1600,10.3
"2015-05-11",10.4,10.4,10.36,10.4,600,10.4
"2015-05-12",10.4,10.4,10.4,10.4,0,10.4
"2015-05-13",10.57,10.93,10.18,10.882,2800,10.88
"2015-05-14",10.53,10.76,9.99,10.02,92100,10.02
"2015-05-15",10.14,10.4695,10.02,10.1,35000,10.1
"2015-05-18",10.06,10.98,9.9,9.97,76100,9.97
"2015-05-19",10.09,10.19,9.96,10.14,15000,10.14
"2015-05-20",10,10.05,9.88,9.88,14300,9.88
"2015-05-21",9.89,9.89,9.8,9.8,7300,9.8
"2015-05-22",9.8,9.8,9.61,9.61,8000,9.61
"2015-05-26",9.6,9.6,9.5,9.51,12000,9.51
"2015-05-27",9.5002,9.5,9.4,9.41,6500,9.41
"2015-05-28",9.42,9.5,9.418,9.5,3800,9.5
"2015-05-29",9.45,9.45,8.53,9.4,16300,9.4
"2015-06-01",9.4,9.5,9.39,9.49,5700,9.49
"2015-06-02",9.5304,9.65,9.52,9.55,7600,9.55
"2015-06-03",9.5,9.57,9.496,9.57,900,9.57
"2015-06-04",9.7,9.73,9.6,9.6,4400,9.6
"2015-06-05",9.55,9.64,9.48,9.48,1100,9.48
"2015-06-08",9.69,9.735,9.6,9.6,600,9.6
"2015-06-09",9.57,9.632,9.43,9.47,3500,9.47
"2015-06-10",9.49,9.49,9.42,9.42,1700,9.42
"2015-06-11",9.32,9.34,9.32,9.34,700,9.34
"2015-06-12",9,9.29,9,9.29,1700,9.29
"2015-06-15",9.02,9.155,9,9.155,3400,9.15
"2015-06-16",9.16,9.16,9.04,9.047,4800,9.05
"2015-06-17",8.82,9.49,8.82,9.49,800,9.49
"2015-06-18",9.3,9.38,9.2,9.2,4400,9.2
"2015-06-19",9.2,9.2,9.2,9.2,0,9.2
"2015-06-22",9.34,9.36,9.28,9.35,5500,9.35
"2015-06-23",9.39,9.39,9.222,9.24,3900,9.24
"2015-06-24",9.4,9.47,9.39,9.4,5200,9.4
"2015-06-25",9.4,9.4,9.242,9.3,14900,9.3
"2015-06-26",9.3,9.33,9.25,9.26,5700,9.26
"2015-06-29",9.41,9.46,9.25,9.38,9200,9.38
"2015-06-30",9.31,9.49,9.3,9.49,4200,9.49
"2015-07-01",9.55,9.5902,9.4,9.429,8700,9.43
"2015-07-02",9.439,9.439,9.42,9.42,4500,9.42
"2015-07-06",9.44,9.6,9.44,9.507,3900,9.51
"2015-07-07",9.5,9.5,9.231,9.4,6200,9.4
"2015-07-08",9.21,9.329,9.21,9.31,3500,9.31
"2015-07-09",9.246,9.29,9.11,9.17,5000,9.17
"2015-07-10",9.2,9.51,9.14,9.5,8700,9.5
"2015-07-13",9.45,9.51,9.3,9.43,16200,9.43
"2015-07-14",9.53,9.58,9.52,9.58,1800,9.58
"2015-07-15",9.58,9.58,9.58,9.58,0,9.58
"2015-07-16",9.45,9.45,9.291,9.35,2100,9.35
"2015-07-17",9.18,9.264,9.18,9.24,2900,9.24
"2015-07-20",9.06,9.13,8.96,9.03,6400,9.03
"2015-07-21",9.06,9.06,9,9.04,3300,9.04
"2015-07-22",8.89,9.0498,8.843,8.936,4500,8.94
"2015-07-23",8.94,8.94,8.85,8.85,1900,8.85
"2015-07-24",8.7,8.79,8.7,8.76,5700,8.76
"2015-07-27",8.72,8.78,8.7,8.78,1200,8.78
"2015-07-28",8.799,8.799,8.6,8.7,4300,8.7
"2015-07-29",8.7692,8.82,8.74,8.77,6300,8.77
"2015-07-30",8.76,8.76,8.695,8.695,1500,8.7
"2015-07-31",8.64,8.67,8.61,8.67,1400,8.67
"2015-08-03",8.54,8.55,8.37,8.37,8500,8.37
"2015-08-04",8.36,8.502,8.36,8.492,5000,8.49
"2015-08-05",8.36,8.383,8.3597,8.373,4000,8.37
"2015-08-06",8.3,8.3,7.44,8.2,10300,8.2
"2015-08-07",8.37,8.37,8.22,8.22,1400,8.22
"2015-08-10",8.22,8.261,8.18,8.261,2400,8.26
"2015-08-11",8.23,8.306,8.23,8.306,700,8.31
"2015-08-12",8.26,8.295,8.2,8.295,2300,8.3
"2015-08-13",8.23,8.28,8.14,8.28,2000,8.28
"2015-08-14",8.15,8.291,8.15,8.21,8300,8.21
"2015-08-17",8.23,8.23,8.23,8.23,10100,8.23
"2015-08-18",8.2,8.389,8.193,8.306,1900,8.31
"2015-08-19",8.3,8.3,8.29,8.3,600,8.3
"2015-08-20",8.16,8.29,8.1593,8.281,2000,8.28
"2015-08-21",8.07,8.1,8.07,8.1,3600,8.1
"2015-08-24",7.89,8.12,7.39,8.09,11200,8.09
"2015-08-25",8.111,8.15,8.111,8.15,1300,8.15
"2015-08-26",8.1,8.0997,8.04,8.05,2100,8.05
"2015-08-27",8.225,8.225,8.2,8.2,1200,8.2
"2015-08-28",8.3,8.3,8.21,8.28,2000,8.28
"2015-08-31",8.16,8.16,8.139,8.139,700,8.14
"2015-09-01",8.1395,8.18,8.14,8.18,500,8.18
"2015-09-02",8.178,8.178,8.178,8.178,700,8.18
"2015-09-03",8.57,8.57,8.51,8.51,2900,8.51
"2015-09-04",8.65,8.65,8.4,8.5,11400,8.5
"2015-09-08",8.4,8.4,7.6,8.3,2200,8.3
"2015-09-09",8.351,8.54,8.351,8.54,1100,8.54
"2015-09-10",8.41,8.41,8.41,8.41,600,8.41
"2015-09-11",8.51,8.51,8.45,8.45,1200,8.45
"2015-09-14",8.5001,8.5,8.46,8.46,10000,8.46
"2015-09-15",8.46,8.46,8.46,8.46,0,8.46
"2015-09-16",8.4,8.44,8.38,8.38,12100,8.38
"2015-09-17",8.35,8.47,7.51,8.47,8400,8.47
"2015-09-18",8.09,8.101,7.99,8.033,3900,8.03
"2015-09-21",8.02,8.04,8.02,8.04,600,8.04
"2015-09-22",7.95,7.95,7.94,7.94,3200,7.94
"2015-09-23",7.9,7.95,7.9,7.93,700,7.93
"2015-09-24",7.93,7.93,7.93,7.93,0,7.93
"2015-09-25",8.38,8.43,8.38,8.385,300,8.39
"2015-09-28",8.42,8.43,8.361,8.4,1000,8.4
"2015-09-29",8.4902,8.49,8.4,8.4,300,8.4
"2015-09-30",8.73,8.78,8.689,8.75,3600,8.75
"2015-10-01",8.854,8.88,8.8,8.83,4300,8.83
"2015-10-02",8.9001,9.042,8.9,9.042,5800,9.04
"2015-10-05",9.02,9.14,9,9.11,9600,9.11
"2015-10-06",9.05,9.102,9.05,9.1,3600,9.1
"2015-10-07",9.2107,9.3,9.139,9.2,5400,9.2
"2015-10-08",9.28,9.31,9.24,9.29,10500,9.29
"2015-10-09",9.46,9.71,9.31,9.37,7000,9.37
"2015-10-12",9.44,9.51,9.35,9.44,9500,9.44
"2015-10-13",9.25,9.322,8.5005,9.307,9500,9.31
"2015-10-14",9.28,9.44,9.28,9.4,9500,9.4
"2015-10-15",9.45,9.45,9.45,9.45,1000,9.45
"2015-10-16",9.45,9.47,9.45,9.47,400,9.47
"2015-10-19",9.47,9.47,9.47,9.47,4000,9.47
"2015-10-20",9.5,9.5,9.38,9.38,11300,9.38
"2015-10-21",9.39,9.52,9.38,9.52,3200,9.52
"2015-10-22",9.52,9.579,9.51,9.579,400,9.58
"2015-10-23",9.58,9.58,9.37,9.37,10600,9.37
"2015-10-26",9.53,9.5793,9.53,9.58,1400,9.58
"2015-10-27",9.6034,9.603,9.39,9.43,2800,9.43
"2015-10-28",9.43,9.43,9.43,9.43,0,9.43
"2015-10-29",9.53,9.53,9.52,9.52,700,9.52
"2015-10-30",9.52,9.52,9.52,9.52,0,9.52
"2015-11-02",9.6,9.88,9.05,9.88,11100,9.88
"2015-11-03",9.94,10.02,9.92,9.98,13400,9.98
"2015-11-04",9.82,9.82,9.6,9.645,3100,9.65
"2015-11-05",9.6,9.6,9.6,9.6,1000,9.6
"2015-11-06",9.435,9.6,9.434,9.523,2400,9.52
"2015-11-09",9.34,9.34,9.2,9.24,13500,9.24
"2015-11-10",9.552,9.68,9.552,9.68,1700,9.68
"2015-11-11",9.79,9.81,9.62,9.62,23600,9.62
"2015-11-12",9.68,9.79,9.68,9.749,23700,9.75
"2015-11-13",9.83,9.92,9.75,9.91,25000,9.91
"2015-11-16",9.83,9.98,9.7804,9.98,23400,9.98
"2015-11-17",9.7,9.78,9.65,9.7,20600,9.7
"2015-11-18",9.52,9.56,9.414,9.414,23900,9.41
"2015-11-19",9.9,9.91,9.9,9.91,20800,9.91
"2015-11-20",10,10.1,10,10.037,24000,10.04
"2015-11-23",10.09,10.09,9.8528,10.01,1400,10.01
"2015-11-24",10.16,10.277,9.893,9.9,3900,9.9
"2015-11-25",9.7304,9.73,9.72,9.72,2100,9.72
"2015-11-27",9.81,9.88,9.79,9.863,9000,9.86
"2015-11-30",9.7,9.765,9.58,9.765,31000,9.77
"2015-12-01",9.95,10.14,9.92,10.14,40100,10.14
"2015-12-02",10.04,10.04,9.831,9.9,18900,9.9
"2015-12-03",9.98,10.12,9.945,10.078,91500,10.08
"2015-12-04",10.16,10.28,10.04,10.08,11800,10.08
"2015-12-07",10,10.01,9.257,9.9,38700,9.9
"2015-12-08",9.85,9.85,9.62,9.782,46800,9.78
"2015-12-09",9.74,9.869,9.74,9.869,65000,9.87
"2015-12-10",9.72,9.719,9.49,9.52,67100,9.52
"2015-12-11",9.61,9.67,9.56,9.56,39400,9.56
"2015-12-14",9.36,9.456,9.36,9.456,300,9.46
"2015-12-15",9.68,9.68,9.565,9.565,900,9.57
"2015-12-16",9.47,9.7,9.47,9.7,2500,9.7
"2015-12-17",9.7,9.7,9.7,9.7,0,9.7
"2015-12-18",9.71,9.92,9.71,9.851,1900,9.85
"2015-12-21",9.768,9.768,9.7678,9.768,200,9.77
"2015-12-22",9.742,9.87,9.72,9.72,1000,9.72
"2015-12-23",9.72,9.72,9.72,9.72,0,9.72
"2015-12-24",9.72,9.72,9.72,9.72,0,9.72
"2015-12-28",9.71,9.71,9.71,9.71,300,9.71
"2015-12-29",9.714,9.743,9.65,9.715,1200,9.71
"2015-12-30",9.9,9.9,9.9,9.9,200,9.9
"2015-12-31",10.063,10.12,10.0597,10.06,1900,10.06
"2016-01-04",9.9,9.9,9.72,9.867,21000,9.87
"2016-01-05",9.58,9.62,9.571,9.62,700,9.62
"2016-01-06",9.62,9.62,9.62,9.62,0,9.62
"2016-01-07",9.8,9.8,9.63,9.63,3100,9.63
"2016-01-08",9.75,9.75,9.505,9.54,2100,9.54
"2016-01-11",9.43,9.44,9.29,9.37,9500,9.37
"2016-01-12",9.33,9.33,9.33,9.33,600,9.33
"2016-01-13",9.49,9.49,9.47,9.477,1100,9.48
"2016-01-14",9.668,9.68,9.61,9.62,5200,9.62
"2016-01-15",9.805,9.805,9.622,9.622,10500,9.62
"2016-01-19",9.7,9.73,9.6,9.666,13300,9.67
"2016-01-20",9.4,9.495,9.33,9.33,5600,9.33
"2016-01-21",9.55,9.56,9.55,9.55,900,9.55
"2016-01-22",9.6,9.6,9.47,9.48,1900,9.48
"2016-01-25",9.4499,9.45,9.367,9.409,3100,9.41
"2016-01-26",9.36,9.361,9.351,9.36,1200,9.36
"2016-01-27",9.25,9.25,9.13,9.13,2800,9.13
"2016-01-28",9.1,9.1,8.95,9.004,23000,9
"2016-01-29",8.98,8.98,8.93,8.96,20100,8.96
"2016-02-01",9.02,9.03,8.83,8.83,2500,8.83
"2016-02-02",8.8,8.823,8.729,8.823,21600,8.82
"2016-02-03",8.75,8.819,8.69,8.775,24600,8.78
"2016-02-04",8.76,8.79,8.745,8.745,21700,8.74
"2016-02-05",8.8,8.89,8.8,8.83,37700,8.83
"2016-02-08",9,9.1006,8.99,9.1,22300,9.1
"2016-02-09",9.12,9.12,9.05,9.09,23800,9.09
"2016-02-10",9.04,9.09,8.78,9.07,26800,9.07
"2016-02-11",8.97,8.97,8.8367,8.95,12400,8.95
"2016-02-12",8.95,8.95,8.95,8.95,0,8.95
"2016-02-16",8.922,9,8.922,9,500,9
"2016-02-17",8.94,8.94,8.91,8.91,300,8.91
"2016-02-18",8.91,8.91,8.91,8.91,0,8.91
"2016-02-19",8.668,8.7005,8.668,8.69,2900,8.69
"2016-02-22",8.65,8.844,8.6503,8.844,1400,8.84
"2016-02-23",9.13,9.31,9.13,9.31,1100,9.31
"2016-02-24",9.39,9.416,9.37,9.404,2000,9.4
"2016-02-25",9.41,9.5654,9.41,9.56,500,9.56
"2016-02-26",9.56,9.56,9.47,9.47,4200,9.47
"2016-02-29",9.52,9.537,9.52,9.537,900,9.54
"2016-03-01",9.54,9.54,9.54,9.54,1500,9.54
"2016-03-02",9.76,9.876,9.76,9.876,1500,9.88
"2016-03-03",9.98,9.98,9.86,9.91,3900,9.91
"2016-03-04",9.95,10.12,9.91,10.01,5800,10.01
"2016-03-07",10.05,10.05,10,10.04,1100,10.04
"2016-03-08",9.993,10.08,9.96,10.08,6100,10.08
"2016-03-09",10.04,10.04,9.977,9.977,10600,9.98
"2016-03-10",9.98,10.19,9.98,10.08,22800,10.08
"2016-03-11",10.24,10.43,10.23,10.36,24900,10.36
"2016-03-14",10.39,10.441,10.35,10.441,26700,10.44
"2016-03-15",10.4,10.418,10.3305,10.34,23000,10.34
"2016-03-16",10.31,10.55,10.31,10.54,25500,10.54
"2016-03-17",10.57,10.79,10.57,10.71,35400,10.71
"2016-03-18",10.794,10.94,10.794,10.86,29100,10.86
"2016-03-21",10.883,11.006,10.883,11.004,31200,11
"2016-03-22",11.1,11.12,11.01,11.01,23900,11.01
"2016-03-23",11.11,11.31,11.07,11.31,7200,11.31
"2016-03-24",11.01,11.07,10.77,10.789,24700,10.79
"2016-03-28",10.79,11.05,10.79,10.93,22800,10.93
"2016-03-29",10.8,10.8391,10.72,10.838,3300,10.84
"2016-03-30",10.984,10.9837,10.89,10.95,800,10.95
"2016-03-31",10.92,10.93,10.553,10.553,4800,10.55
"2016-04-01",10.35,10.45,10.35,10.391,2600,10.39
"2016-04-04",10.17,10.21,10.13,10.13,9700,10.13
"2016-04-05",10.09,10.17,10.09,10.143,9700,10.14
"2016-04-06",10.14,10.14,10.14,10.14,1200,10.14
"2016-04-07",10.105,10.105,9.952,9.952,1000,9.95
"2016-04-08",9.87,10.276,9.869,10.276,1800,10.28
"2016-04-11",9.91,9.95,9.91,9.932,1600,9.93
"2016-04-12",9.96,9.99,9.95,9.95,6300,9.95
"2016-04-13",9.869,9.886,9.78,9.836,2300,9.84
"2016-04-14",9.93,9.979,9.8805,9.939,2600,9.94
"2016-04-15",10.15,10.43,10.0205,10.362,3000,10.36
"2016-04-18",10.412,10.671,10.412,10.62,1600,10.62
"2016-04-19",10.626,10.64,10.451,10.451,1800,10.45
"2016-04-20",10.641,10.83,10.641,10.83,1800,10.83
"2016-04-21",10.689,10.689,10.64,10.64,600,10.64
"2016-04-22",10.56,10.569,10.5296,10.529,1400,10.53
"2016-04-25",10.855,10.894,10.81,10.81,6900,10.81
"2016-04-26",10.8908,10.93,10.82,10.93,1500,10.93
"2016-04-27",10.8,10.9,10.8,10.899,3800,10.9
"2016-04-28",10.83,10.83,10.67,10.776,3300,10.78
"2016-04-29",11.02,11.13,10.99,11.12,7300,11.12
"2016-05-02",11.05,11.09,11.02,11.09,12000,11.09
"2016-05-03",10.9899,10.992,10.93,10.992,16700,10.99
"2016-05-04",11.155,11.25,11.155,11.25,1800,11.25
"2016-05-05",11.28,11.28,10.74,10.83,8400,10.83
"2016-05-06",10.93,10.95,10.75,10.913,5300,10.91
"2016-05-09",10.96,10.96,10.942,10.96,600,10.96
"2016-05-10",11,11.0007,10.99,11,2100,11
"2016-05-11",11.37,11.39,11.25,11.34,3100,11.34
"2016-05-12",11.29,11.35,11.2,11.32,5400,11.32
"2016-05-13",11.24,11.3,11.24,11.3,500,11.3
"2016-05-16",11.19,11.38,11.161,11.33,4500,11.33
"2016-05-17",11.3,11.33,11.27,11.29,3600,11.29
"2016-05-18",11.17,11.41,11.17,11.41,2200,11.41
"2016-05-19",11.3,11.37,11.15,11.288,2200,11.29
"2016-05-20",11.45,11.549,11.45,11.45,2800,11.45
"2016-05-23",11.342,11.38,11.27,11.27,1900,11.27
"2016-05-24",11.34,11.34,11.31,11.31,2300,11.31
"2016-05-25",11.242,11.53,11.211,11.456,1900,11.46
"2016-05-26",11.49,11.595,11.49,11.595,600,11.6
"2016-05-27",11.6,11.5996,11.6,11.6,300,11.6
"2016-05-31",11.61,11.61,11.5005,11.5,3500,11.5
"2016-06-01",11.52,11.56,11.51,11.56,8500,11.56
"2016-06-02",11.6505,11.847,11.65,11.847,1200,11.85
"2016-06-03",11.95,12.13,11.94,12.13,8400,12.13
"2016-06-06",12.16,12.19,12.11,12.17,2700,12.17
"2016-06-07",12.296,12.35,12.296,12.33,2200,12.33
"2016-06-08",12.4795,12.69,12.48,12.6,17300,12.6
"2016-06-09",12.7,12.75,12.51,12.73,8400,12.73
"2016-06-10",12.53,12.685,12.446,12.65,8500,12.65
"2016-06-13",12.55,12.659,12.55,12.659,3500,12.66
"2016-06-14",12.468,12.468,12.35,12.45,3400,12.45
"2016-06-15",12.65,12.692,12.55,12.692,2400,12.69
"2016-06-16",12.77,12.796,12.57,12.657,13300,12.66
"2016-06-17",12.66,12.6606,12.66,12.66,200,12.66
"2016-06-20",12.69,12.69,12.67,12.67,2300,12.67
"2016-06-21",12.63,12.65,12.6,12.65,2300,12.65
"2016-06-22",12.53,12.56,12.32,12.32,2900,12.32
"2016-06-23",12.32,12.52,12.32,12.52,1700,12.52
"2016-06-24",12.32,12.51,12.32,12.42,1400,12.42
"2016-06-27",12.51,12.79,11,12.62,8800,12.62
"2016-06-28",12.82,12.82,12.745,12.745,2900,12.75
"2016-06-29",13.05,13.335,13.04,13.33,9600,13.33
"2016-06-30",13.07,13.07,12.958,12.958,1100,12.96
"2016-07-01",13.2,13.2,13.07,13.07,23400,13.07
"2016-07-05",13.21,13.23,13.02,13.15,3500,13.15
"2016-07-06",13.06,13.063,13.02,13.061,5100,13.06
"2016-07-07",13.039,13.0395,12.66,12.66,13100,12.66
"2016-07-08",12.909,12.909,12.909,12.909,100,12.91
"2016-07-11",13,13.22,12.97,13.21,5600,13.21
"2016-07-12",13.04,13.04,12.793,12.81,2500,12.81
"2016-07-13",12.9,12.9,12.67,12.67,400,12.67
"2016-07-14",13.0362,13.09,12.877,12.921,14200,12.92
"2016-07-15",12.65,12.78,12.61,12.78,24100,12.78
"2016-07-18",12.48,12.7178,12,12.719,9800,12.72
"2016-07-19",12.7893,12.84,12.73,12.73,2200,12.73
"2016-07-20",12.72,12.73,12.72,12.72,500,12.72
"2016-07-21",12.89,12.89,12.8896,12.89,300,12.89
"2016-07-22",12.7,12.7,12.7,12.7,1000,12.7
"2016-07-25",12.87,13.01,12.87,13,7700,13
"2016-07-26",12.759,12.759,12.66,12.717,3500,12.72
"2016-07-27",12.639,12.64,12.6,12.6,800,12.6
"2016-07-28",12.52,12.52,12.52,12.52,100,12.52
"2016-07-29",12.45,12.67,12.45,12.625,2700,12.63
"2016-08-01",12.63,12.74,12.441,12.53,14600,12.53
"2016-08-02",12.46,12.69,12.46,12.62,4200,12.62
"2016-08-03",12.56,12.61,12.56,12.61,700,12.61
"2016-08-04",12.74,12.99,12.74,12.99,4200,12.99
"2016-08-05",13.01,13.42,12.99,13.4,10900,13.4
"2016-08-08",13.48,13.52,13.42,13.446,4500,13.45
"2016-08-09",13.6,13.606,13.6,13.606,2700,13.61
"2016-08-10",13.241,13.26,13.02,13.02,3200,13.02
"2016-08-11",13.19,13.19,13.08,13.08,500,13.08
"2016-08-12",13.19,13.195,13.07,13.13,2400,13.13
"2016-08-15",13.13,13.274,13.035,13.274,5700,13.27
"2016-08-16",13.4799,13.5,13.325,13.469,6600,13.47
"2016-08-17",13.3,13.3,13.17,13.17,10200,13.17
"2016-08-18",13.359,13.359,13.28,13.35,4200,13.35
"2016-08-19",13.195,13.195,13.195,13.195,200,13.19
"2016-08-22",13.4799,13.59,13.45,13.59,6000,13.59
"2016-08-23",13.66,13.72,13.66,13.72,2300,13.72
"2016-08-24",13.629,13.629,13.34,13.53,3800,13.53
"2016-08-25",13.6,13.6,13.547,13.547,1600,13.55
"2016-08-26",13.55,13.7,13.54,13.7,12900,13.7
"2016-08-29",13.66,13.75,13.66,13.719,3800,13.72
"2016-08-30",13.6,13.62,13.55,13.62,8800,13.62
"2016-08-31",13.424,13.425,13.3,13.3,20700,13.3
"2016-09-01",13.196,13.233,13.0796,13.121,17900,13.12
"2016-09-02",13.4105,13.529,13.41,13.471,14600,13.47
"2016-09-06",13.33,13.477,13.299,13.477,1400,13.48
"2016-09-07",13.48,13.48,13.48,13.48,200,13.48
"2016-09-08",13.55,13.55,13.55,13.55,500,13.55
"2016-09-09",13.55,13.55,13.5,13.5,2800,13.5
"2016-09-12",13.45,13.616,13.447,13.6,12900,13.6
"2016-09-13",13.55,13.58,13.498,13.58,1200,13.58
"2016-09-14",13.55,13.55,13.525,13.525,200,13.53
"2016-09-15",13.53,13.53,13.53,13.53,0,13.53
"2016-09-16",14.01,14.25,14.01,14.234,15000,14.23
"2016-09-19",14.5,14.5,14.374,14.374,3100,14.37
"2016-09-20",14.36,14.509,14.36,14.47,2200,14.47
"2016-09-21",14.483,14.52,14.383,14.425,2200,14.43
"2016-09-22",14.78,14.85,14.341,14.389,5300,14.39
"2016-09-23",14.436,14.55,14.436,14.55,1500,14.55
"2016-09-26",14.43,14.82,14.43,14.815,8000,14.82
"2016-09-27",14.71,14.951,14.6,14.951,1100,14.95
"2016-09-28",14.92,15.04,14.92,15.04,3200,15.04
"2016-09-29",15,15,14.91,14.96,2600,14.96
"2016-09-30",14.827,14.827,14.48,14.48,5400,14.48
"2016-10-03",14.54,14.575,14.496,14.496,17200,14.5
"2016-10-04",14.71,14.865,14.71,14.81,4300,14.81
"2016-10-05",14.82,15.02,14.82,15.02,2300,15.02
"2016-10-06",14.73,14.741,14.71,14.721,2300,14.72
"2016-10-07",14.94,14.94,14.919,14.919,400,14.92
"2016-10-10",14.75,14.835,14.75,14.835,3300,14.84
"2016-10-11",14.8,14.92,14.63,14.89,18200,14.89
"2016-10-12",14.73,14.979,14.7311,14.979,8900,14.98
"2016-10-13",14.9,14.9,14.9,14.9,200,14.9
"2016-10-14",14.74,14.989,14.74,14.989,400,14.99
"2016-10-17",14.84,14.84,14.831,14.831,700,14.83
"2016-10-18",14.8,14.8,14.8,14.8,300,14.8
"2016-10-19",14.85,14.85,14.7,14.74,44700,14.74
"2016-10-20",14.64,14.64,14.571,14.603,1500,14.6
"2016-10-21",14.529,14.65,14.49,14.64,5400,14.64
"2016-10-24",14.8991,14.91,14.9,14.909,3200,14.91
"2016-10-25",14.88,14.88,14.73,14.731,600,14.73
"2016-10-26",14.7,14.73,14.65,14.65,2800,14.65
"2016-10-27",14.59,14.64,14.59,14.621,2400,14.62
"2016-10-28",14.35,14.42,14.331,14.374,2400,14.37
"2016-10-31",14.18,14.21,14.0709,14.07,10200,14.07
"2016-11-01",13.92,14.02,13.917,13.978,25900,13.98
"2016-11-02",13.911,14.14,13.89,14.132,15000,14.13
"2016-11-03",13.9713,13.97,13.96,13.96,300,13.96
"2016-11-04",14.02,14.125,14.02,14.125,2400,14.13
"2016-11-07",14.3301,14.36,14.33,14.359,700,14.36
"2016-11-08",14.22,14.2205,14.12,14.12,700,14.12
"2016-11-09",14.095,14.32,14.095,14.32,12800,14.32
"2016-11-10",14.05,14.05,14.04,14.049,7000,14.05
"2016-11-11",13.861,13.99,13.72,13.77,10500,13.77
"2016-11-14",13.9,13.9,13.74,13.75,5900,13.75
"2016-11-15",13.55,13.5887,13.514,13.59,10000,13.59
"2016-11-16",13.41,13.41,13.03,13.28,5600,13.28
"2016-11-17",13.29,13.32,13.11,13.175,3700,13.18
"2016-11-18",13.12,13.12,13.09,13.09,2200,13.09
"2016-11-21",13.111,13.2009,13.111,13.17,1400,13.17
"2016-11-22",13.17,13.17,13.17,13.17,0,13.17
"2016-11-23",12.794,12.822,12.76,12.8,4700,12.8
"2016-11-25",12.9,12.91,12.816,12.816,10100,12.82
"2016-11-28",12.9,12.929,12.871,12.929,500,12.93
"2016-11-29",12.958,12.96,12.83,12.83,1300,12.83
"2016-11-30",12.7,12.92,12.69,12.92,4600,12.92
"2016-12-01",12.64,12.77,12.62,12.72,19300,12.72
"2016-12-02",12.52,12.7,12.52,12.7,9500,12.7
"2016-12-05",12.57,12.57,12.44,12.458,4700,12.46
"2016-12-06",12.692,12.88,12.6914,12.724,69300,12.72
"2016-12-07",12.74,12.74,12.74,12.74,700,12.74
"2016-12-08",12.74,12.81,12.7066,12.81,20800,12.81
"2016-12-09",12.78,12.78,12.58,12.58,5600,12.58
"2016-12-12",12.84,12.84,12.65,12.65,1200,12.65
"2016-12-13",12.5,12.53,12.458,12.515,6200,12.51
"2016-12-14",12.27,12.3,12.179,12.23,4600,12.23
"2016-12-15",12.19,12.25,12.179,12.238,18500,12.24
"2016-12-16",12.3,12.42,12.2,12.42,1600,12.42
"2016-12-19",12.41,12.42,12.23,12.32,38200,12.32
"2016-12-20",12.27,12.43,12.26,12.37,96500,12.37
"2016-12-21",12.37,12.37,12.23,12.23,21600,12.23
"2016-12-22",12.28,12.28,12.27,12.27,57600,12.27
"2016-12-23",12.27,12.278,12.22,12.26,32500,12.26
"2016-12-27",12.2616,12.58,12.26,12.458,45100,12.46
"2016-12-28",12.53,12.76,12.48,12.76,35800,12.76
"2016-12-29",13,13,12.906,12.96,2500,12.96
"2016-12-30",12.95,12.999,12.95,12.999,600,13
"2017-01-03",13.25,13.5,13.25,13.5,35600,13.5
"2017-01-04",13.49,13.63,13.45,13.63,16400,13.63
"2017-01-05",13.63,13.63,13.55,13.55,600,13.55
"2017-01-06",13.5499,13.55,13.55,13.55,500,13.55
"2017-01-09",13.67,13.68,13.55,13.55,900,13.55
"2017-01-10",13.51,13.65,13.51,13.625,2600,13.62
"2017-01-11",13.7,13.6999,13.61,13.61,5100,13.61
"2017-01-12",13.72,13.8,13.691,13.691,3700,13.69
"2017-01-13",13.81,13.82,13.761,13.77,10700,13.77
"2017-01-17",13.87,13.87,13.767,13.767,13200,13.77
"2017-01-18",13.86,13.87,13.73,13.86,19800,13.86
"2017-01-19",13.991,14,13.49,13.515,7900,13.51
"2017-01-20",13.69,13.7,13.53,13.63,18100,13.63
"2017-01-23",13.74,13.886,13.72,13.886,21800,13.89
"2017-01-24",13.9603,13.96,13.95,13.95,700,13.95
"2017-01-25",13.84,13.87,13.84,13.85,500,13.85
"2017-01-26",13.85,13.85,13.85,13.85,0,13.85
"2017-01-27",13.77,13.8,13.77,13.8,800,13.8
"2017-01-30",13.75,13.827,13.75,13.827,1400,13.83
"2017-01-31",13.78,13.93,13.78,13.83,1800,13.83
"2017-02-01",13.921,14.03,13.921,13.976,39000,13.98
"2017-02-02",14.155,14.17,13.79,13.79,14300,13.79
"2017-02-03",13.95,14.201,13.8,14.201,84000,14.2
"2017-02-06",14.25,14.2903,14.09,14.1,22200,14.1
"2017-02-07",14.057,14.057,13.973,13.973,1400,13.97
"2017-02-08",13.97,14.0805,13.97,14.08,2700,14.08
"2017-02-09",14.19,14.19,14.04,14.04,600,14.04
"2017-02-10",13.88,13.88,13.75,13.861,1300,13.86
"2017-02-13",13.67,13.67,13.54,13.629,1300,13.63
"2017-02-14",13.829,13.89,13.829,13.889,1200,13.89
"2017-02-15",13.992,13.996,13.989,13.989,1200,13.99
"2017-02-16",13.78,13.93,13.7188,13.91,89400,13.91
"2017-02-17",13.81,13.81,13.73,13.77,10200,13.77
"2017-02-21",13.858,14.12,13.858,14.12,15300,14.12
"2017-02-22",14.15,14.15,13.971,14.08,4300,14.08
"2017-02-23",13.777,13.777,13.65,13.73,2500,13.73
"2017-02-24",13.501,13.545,13.5,13.53,3500,13.53
"2017-02-27",13.29,13.2901,13.115,13.115,2900,13.12
"2017-02-28",13.171,13.17,13.15,13.16,16600,13.16
"2017-03-01",13.16,13.39,13.13,13.39,9900,13.39
"2017-03-02",13.29,13.34,13.21,13.34,18700,13.34
"2017-03-03",13.34,13.34,13.34,13.34,0,13.34
"2017-03-06",13.31,13.31,13.09,13.09,18500,13.09
"2017-03-07",12.816,12.816,12.77,12.77,21500,12.77
"2017-03-08",12.8087,12.839,12.61,12.839,258800,12.84
"2017-03-09",12.786,12.822,12.54,12.55,194100,12.55
"2017-03-10",12.6687,12.67,12.51,12.67,26000,12.67
"2017-03-13",12.5008,12.58,12.5,12.58,30200,12.58
"2017-03-14",12.57,12.6,12.489,12.489,19100,12.49
"2017-03-15",12.5,12.62,12.4995,12.51,9800,12.51
"2017-03-16",12.61,12.61,12.52,12.53,10200,12.53
"2017-03-17",12.46,12.63,12.24,12.63,44800,12.63
"2017-03-20",12.347,12.48,12.21,12.27,6600,12.3
"2017-03-21",12.054,12.153,11.86,11.92,3900,11.92
"2017-03-22",11.965,11.965,11.965,11.965,300,11.97
"2017-03-23",12.107,12.107,12.107,12.107,1100,12.11
"2017-03-24",12.33,12.5,12.21,12.21,63000,12.21
"2017-03-27",12.28,12.313,12.17,12.313,1100,12.31
"2017-03-28",12.31,12.31,12.31,12.31,0,12.31
"2017-03-29",11.97,12.034,11.95,11.96,4300,11.96
"2017-03-30",11.94,11.96,11.9,11.9,300,11.9
"2017-03-31",11.8,11.97,11.731,11.87,128800,11.87
"2017-04-03",12.02,12.04,11.67,11.67,49700,11.67
"2017-04-04",11.54,11.58,11.44,11.55,1400,11.55
"2017-04-05",11.68,11.68,11.6,11.6,2500,11.6
"2017-04-06",11.63,11.63,11.63,11.63,500,11.63
"2017-04-07",11.7,11.71,11.66,11.67,4600,11.67
"2017-04-10",11.69,11.69,11.555,11.64,21800,11.64
"2017-04-11",11.49,11.75,11.49,11.75,10700,11.75
"2017-04-12",11.701,11.701,11.645,11.645,2400,11.65
"2017-04-13",11.77,11.78,11.53,11.7,13400,11.7
"2017-04-17",11.63,11.649,11.489,11.58,268400,11.58
"2017-04-18",11.54,11.85,11.4,11.83,77300,11.83
"2017-04-19",11.66,11.73,11.51,11.55,22200,11.55
"2017-04-20",11.5543,11.56,11.38,11.49,9300,11.49
"2017-04-21",11.58,11.59,11.47,11.5,7600,11.5
"2017-04-24",11.384,11.42,11.35,11.398,2400,11.4
"2017-04-25",11.42,11.441,11.38,11.38,3200,11.38
"2017-04-26",11.3,11.35,10.91,10.98,67600,10.98
"2017-04-27",11,10.9998,10.76,10.78,61400,10.78
"2017-04-28",11.06,11.2502,11.05,11.22,20200,11.22
"2017-05-01",11.23,11.29,11.09,11.29,6600,11.29
"2017-05-02",11.141,11.141,11.12,11.12,1200,11.12
"2017-05-03",10.92,11.14,10.89,11.14,4000,11.14
"2017-05-04",10.85,10.872,10.74,10.76,8600,10.76
"2017-05-05",10.96,10.96,10.75,10.85,75000,10.85
"2017-05-08",10.8386,10.9,10.8,10.9,6400,10.9
"2017-05-09",10.98,10.9798,10.8,10.92,9100,10.92
"2017-05-10",10.9,11.12,10.9,11.12,11100,11.12
"2017-05-11",10.95,11.06,10.95,11.06,3200,11.06
"2017-05-12",10.93,10.95,10.897,10.912,7300,10.91
"2017-05-15",11.01,11.028,10.907,10.907,2700,10.91
"2017-05-16",11,11.18,11.0002,11.17,50900,11.17
"2017-05-17",11.25,11.33,11.096,11.33,25000,11.33
"2017-05-18",10.98,11.149,10.902,10.976,33100,10.98
"2017-05-19",11.08,11.255,11.08,11.18,6800,11.18
"2017-05-22",11.27,11.3,11.18,11.203,169600,11.2
"2017-05-23",11.151,11.151,10.934,10.934,19500,10.93
"2017-05-24",10.83,10.9,10.709,10.88,55400,10.88
"2017-05-25",10.85,10.928,10.83,10.87,3200,10.87
"2017-05-26",10.59,10.7,10.541,10.6,27600,10.6
"2017-05-30",10.46,10.52,10.36,10.5,29400,10.5
"2017-05-31",10.499,10.5003,10.341,10.4,21000,10.4
"2017-06-01",10.25,10.306,10,10.04,19000,10.04
"2017-06-02",10.01,10.08,9.7,9.749,25700,9.75
"2017-06-05",9.81,9.97,9.75,9.8,33500,9.8
"2017-06-06",9.75,9.9,9.7,9.812,6300,9.81
"2017-06-07",9.92,9.97,9.75,9.905,9400,9.9
"2017-06-08",9.9,10.11,9.87,10.09,6300,10.09
"2017-06-09",10.014,10.05,9.975,10,6100,10
"2017-06-12",10.12,10.129,9.8898,9.91,153900,9.91
"2017-06-13",9.82,9.87,9.75,9.76,55600,9.76
"2017-06-14",9.67,9.73,9.536,9.73,14000,9.73
"2017-06-15",9.7,9.7,9.606,9.63,9000,9.63
"2017-06-16",9.6,9.6,9.5,9.58,20200,9.58
"2017-06-19",9.43,9.64,9.4305,9.64,10200,9.64
"2017-06-20",9.61,9.649,9.48,9.63,6200,9.63
"2017-06-21",9.6,9.6,9.31,9.323,7700,9.32
"2017-06-22",9.23,9.32,9.21,9.21,8900,9.21
"2017-06-23",9.12,9.33,9.12,9.33,19000,9.33
"2017-06-26",9.2003,9.251,9.08,9.081,6600,9.08
"2017-06-27",9.1,9.14,9.06,9.108,5100,9.11
"2017-06-28",9.13,9.154,9,9.001,5000,9
"2017-06-29",9.03,9.539,9.03,9.45,22400,9.45
"2017-06-30",9.64,9.74,9.52,9.633,31100,9.63
"2017-07-03",9.66,9.734,9.6,9.69,6600,9.69
"2017-07-05",9.73,9.73,9.5,9.58,24500,9.58
"2017-07-06",9.63,9.69,9.52,9.68,25900,9.68
"2017-07-07",9.57,9.939,9.57,9.865,18700,9.87
"2017-07-10",9.87,9.87,9.46,9.476,37100,9.48
"2017-07-11",9.4003,9.47,9.283,9.47,22300,9.47
"2017-07-12",9.52,9.52,9.37,9.474,22600,9.47
"2017-07-13",9.64,9.86,9.64,9.81,13300,9.81
"2017-07-14",9.79,9.92,9.76,9.9,4200,9.9
"2017-07-17",9.95,9.95,9.74,9.886,33800,9.89
"2017-07-18",9.96,9.97,9.8,9.901,29900,9.9
"2017-07-19",10,10.15,10,10.14,17000,10.14
"2017-07-20",10.113,10.19,10.07,10.07,20500,10.07
"2017-07-21",10.126,10.22,10.08,10.08,3900,10.08
"2017-07-24",10.2,10.2,10.1,10.13,8400,10.13
"2017-07-25",10.14,10.14,9.88,9.92,27300,9.92
"2017-07-26",9.9,10.11,9.895,10.03,24400,10.03
"2017-07-27",10.15,10.25,10.119,10.119,14400,10.12
"2017-07-28",10.14,10.189,10.08,10.095,10600,10.1
"2017-07-31",10.25,10.4,10.25,10.4,24200,10.4
"2017-08-01",10.4,10.497,10.29,10.345,15000,10.35
"2017-08-02",10.405,10.405,10.2612,10.35,9000,10.35
"2017-08-03",10.27,10.28,10,10.095,22900,10.1
"2017-08-04",9.95,9.95,9.95,9.95,22300,9.95
"2017-08-07",9.91,9.9104,9.78,9.87,26700,9.87
"2017-08-08",9.93,9.93,9.81,9.86,5100,9.86
"2017-08-09",9.71,9.797,9.71,9.76,3000,9.76
"2017-08-10",9.79,9.79,9.6,9.636,14500,9.64
"2017-08-11",9.55,9.6399,9.5,9.639,159000,9.64
"2017-08-14",9.46,9.728,9.46,9.71,11500,9.71
"2017-08-15",9.58,9.58,9.412,9.463,11900,9.46
"2017-08-16",9.4,9.41,9.3,9.31,7000,9.31
"2017-08-17",9.4,9.56,9.31,9.52,6200,9.52
"2017-08-18",9.55,9.6,9.42,9.53,7300,9.53
"2017-08-21",9.63,9.67,9.5597,9.63,12100,9.63
"2017-08-22",9.54,9.65,9.4897,9.65,12500,9.65
"2017-08-23",9.6,9.7403,9.535,9.74,139400,9.74
"2017-08-24",9.8,9.89,9.7,9.89,56600,9.89
"2017-08-25",9.85,9.93,9.8,9.86,15200,9.86
"2017-08-28",9.96,9.985,9.85,9.98,21700,9.98
"2017-08-29",9.99,9.99,9.7,9.75,66000,9.75
"2017-08-30",9.7,9.84,9.7,9.808,3300,9.81
"2017-08-31",9.9,10.03,9.9002,9.99,72900,9.99
"2017-09-01",9.872,9.8797,9.69,9.731,12800,9.73
"2017-09-05",9.706,9.9,9.7,9.882,15300,9.88
"2017-09-06",9.851,10.019,9.851,9.98,4900,9.98
"2017-09-07",9.89,9.9,9.831,9.86,28500,9.86
"2017-09-08",9.85,9.929,9.78,9.78,15600,9.78
"2017-09-11",9.81,9.95,9.81,9.9,7700,9.9
"2017-09-12",9.92,9.92,9.72,9.72,10100,9.72
"2017-09-13",10.12,10.12,9.68,9.93,38000,9.93
"2017-09-14",9.85,9.93,9.85,9.895,9800,9.9
"2017-09-15",9.99,10.1,9.896,10.05,9600,10.05
"2017-09-18",9.99,10.03,9.806,9.84,25900,9.84
"2017-09-19",9.86,9.89,9.63,9.67,50400,9.67
"2017-09-20",9.67,9.862,9.67,9.79,10600,9.79
"2017-09-21",9.92,9.92,9.92,9.92,10600,9.92
"2017-09-22",9.84,9.92,9.77,9.79,5900,9.79
"2017-09-25",9.68,9.764,9.56,9.71,13600,9.71
"2017-09-26",9.47,9.47,9.31,9.41,27900,9.41
"2017-09-27",9.3,9.35,9.2104,9.329,33600,9.33
"2017-09-28",9.34,9.42,9.28,9.384,108000,9.38
"2017-09-29",9.274,9.49,9.26,9.48,40900,9.48
"2017-10-02",9.31,9.64,9.31,9.53,54100,9.53
"2017-10-03",9.51,9.51,9.369,9.419,6100,9.42
"2017-10-04",9.413,9.5006,9.413,9.475,3800,9.48
"2017-10-05",9.511,9.63,9.498,9.57,17900,9.57
"2017-10-06",9.4,9.4,9.285,9.35,7700,9.35
"2017-10-09",9.318,9.381,9.27,9.38,6700,9.38
"2017-10-10",9.42,9.5,9.42,9.449,37400,9.45
"2017-10-11",9.47,9.53,9.45,9.489,11000,9.49
"2017-10-12",9.38,9.55,9.36,9.55,7400,9.55
"2017-10-13",9.466,9.58,9.424,9.57,17100,9.57
"2017-10-16",9.42,9.49,9.42,9.42,1600,9.42
"2017-10-17",9.41,9.44,9.37,9.4,3800,9.4
"2017-10-18",9.44,9.44,9.387,9.387,2200,9.39
"2017-10-19",9.34,9.49,9.34,9.46,2700,9.46
"2017-10-20",9.31,9.344,9.29,9.296,12300,9.3
"2017-10-23",9.25,9.33,9.22,9.281,17100,9.28
"2017-10-24",9.38,9.4596,9.37,9.425,29200,9.43
"2017-10-25",9.4,9.48,9.4,9.4,7900,9.4
"2017-10-26",9.25,9.43,9.25,9.4,16500,9.4
"2017-10-27",9.4,9.62,9.4,9.59,25500,9.59
"2017-10-30",9.65,9.723,9.641,9.65,7800,9.65
"2017-10-31",9.72,9.76,9.62,9.75,31200,9.75
"2017-11-01",9.73,9.76,9.64,9.65,19800,9.65
"2017-11-02",9.51,9.515,9.42,9.509,11900,9.51
"2017-11-03",9.65,9.65,9.491,9.491,8100,9.49
"2017-11-06",9.7492,9.75,9.5,9.63,1300,9.63
"2017-11-07",9.53,9.692,9.53,9.692,11600,9.69
"2017-11-08",9.8,9.8,9.66,9.69,6700,9.69
"2017-11-09",9.77,9.84,9.61,9.78,16100,9.78
"2017-11-10",9.8,9.82,9.45,9.82,5900,9.82
"2017-11-13",9.85,9.85,9.764,9.8,2300,9.8
"2017-11-14",9.84,9.84,9.74,9.78,6000,9.78
"2017-11-15",9.785,9.85,9.77,9.85,5100,9.85
"2017-11-16",9.86,9.9,9.821,9.9,5200,9.9
"2017-11-17",9.89,9.97,9.89,9.9,11900,9.9
"2017-11-20",9.84,9.84,9.755,9.81,4700,9.81
"2017-11-21",9.497,9.765,9.487,9.74,6000,9.74
"2017-11-22",9.81,9.93,9.428,9.892,18700,9.89
"2017-11-24",9.91,9.98,9.88,9.927,6100,9.93
"2017-11-27",9.95,9.9996,9.93,10,9800,10
"2017-11-28",9.92,9.92,9.77,9.82,42000,9.82
"2017-11-29",9.9,9.92,9.76,9.82,6300,9.82
"2017-11-30",9.811,9.9,9.75,9.82,4600,9.82
"2017-12-01",9.82,9.87,9.711,9.78,2200,9.78
"2017-12-04",9.75,9.84,9.75,9.84,1200,9.84
"2017-12-05",9.75,9.75,9.673,9.673,800,9.67
"2017-12-06",9.67,9.67,9.41,9.47,77100,9.47
"2017-12-07",9.42,9.42,9.3,9.34,17400,9.34
"2017-12-08",9.27,9.27,9.16,9.2,35400,9.2
"2017-12-11",9.14,9.175,9.07,9.1,4700,9.1
"2017-12-12",9.07,9.07,8.95,9.01,97800,9.01
"2017-12-13",8.93,8.98,8.9303,8.94,19600,8.94
"2017-12-14",8.9,9,8.9,8.9,13900,8.9
"2017-12-15",8.94,8.94,8.84,8.88,2800,8.88
"2017-12-18",8.85,9.04,8.85,9,303600,9
"2017-12-19",9.07,9.3,9.07,9.3,13900,9.3
"2017-12-20",9.41,9.48,9.29,9.425,6900,9.43
"2017-12-21",9.4995,9.57,9.4,9.56,8300,9.56
"2017-12-22",9.55,9.59,9.46,9.521,14000,9.52
"2017-12-26",9.6,9.62,9.51,9.62,13200,9.62
"2017-12-27",9.7,9.7,9.64,9.674,3500,9.67
"2017-12-28",9.7,9.75,9.68,9.72,8100,9.72
"2017-12-29",9.79,9.8,9.743,9.78,8400,9.78
"2018-01-02",9.8,9.89,9.8,9.888,3700,9.89
"2018-01-03",9.82,9.94,9.82,9.94,3500,9.94
"2018-01-04",9.83,9.8997,9.83,9.86,8100,9.86
"2018-01-05",9.84,9.86,9.81,9.83,4500,9.83
"2018-01-08",9.67,9.69,9.56,9.65,6800,9.65
"2018-01-09",9.6,9.719,9.6,9.719,16800,9.72
"2018-01-10",9.65,9.667,9.6,9.635,6300,9.64
"2018-01-11",9.48,9.49,9.4,9.4,9600,9.4
"2018-01-12",9.3,9.45,9.3,9.45,4300,9.45
"2018-01-16",9.3,9.3,9.11,9.12,10100,9.12
"2018-01-17",9.12,9.1189,9,9.03,41400,9.03
"2018-01-18",9.02,9.02,8.77,8.857,33400,8.86
"2018-01-19",8.8203,8.98,8.76,8.92,27300,8.92
"2018-01-22",8.99,8.99,8.88,8.9,15600,8.9
"2018-01-23",8.86,8.921,8.83,8.911,27000,8.91
"2018-01-24",8.8501,8.91,8.84,8.909,48700,8.91
"2018-01-25",8.95,9,8.87,8.99,32500,8.99
"2018-01-26",8.974,9.06,8.971,9.02,19400,9.02
"2018-01-29",9.17,9.2,9.07,9.15,36200,9.15
"2018-01-30",9.1395,9.22,9.09,9.22,17300,9.22
"2018-01-31",9.16,9.16,8.925,8.982,30400,8.98
"2018-02-01",8.967,9.06,8.93,9.04,23100,9.04
"2018-02-02",9.04,9.15,9.0301,9.08,9600,9.08
"2018-02-05",9.04,9.2,8.9502,9.124,54200,9.12
"2018-02-06",9.18,9.279,9.16,9.19,38300,9.19
"2018-02-07",9.26,9.28,9.212,9.251,11100,9.25
"2018-02-08",9.28,9.28,9.03,9.03,29300,9.03
"2018-02-09",9.02,9.075,8.974,9.04,8100,9.04
"2018-02-12",9.01,9.06,8.93,9.06,32100,9.06
"2018-02-13",8.91,8.95,8.8474,8.92,23100,8.92
"2018-02-14",8.9,8.9,8.82,8.85,19200,8.85
"2018-02-15",8.87,8.95,8.82,8.9,18000,8.9
"2018-02-16",8.84,8.84,8.76,8.8,30900,8.8
"2018-02-20",8.85,8.85,8.77,8.8,6000,8.8
"2018-02-21",8.8,8.87,8.78,8.83,55300,8.83
"2018-02-22",8.86,8.97,8.86,8.97,8600,8.97
"2018-02-23",8.92,8.95,8.9,8.94,5800,8.94
"2018-02-26",8.91,8.9505,8.83,8.851,10500,8.85
"2018-02-27",8.8,8.8,8.55,8.56,77000,8.56
"2018-02-28",8.73,8.89,8.72,8.82,81800,8.82
"2018-03-01",8.95,9.03,8.89,8.98,22600,8.98
"2018-03-02",9.05,9.055,8.82,8.92,11400,8.92
"2018-03-05",8.866,9.02,8.85,9.02,5900,9.02
"2018-03-06",9.01,9.01,8.906,8.96,3200,8.96
"2018-03-07",8.74,8.776,8.55,8.59,101000,8.59
"2018-03-08",8.65,8.65,8.58,8.64,10800,8.64
"2018-03-09",8.62,8.64,8.521,8.62,70900,8.62
"2018-03-12",8.52,8.64,8.52,8.615,8000,8.62
"2018-03-13",8.58,8.58,8.4208,8.53,43200,8.53
"2018-03-14",8.51,8.58,8.467,8.58,47500,8.58
"2018-03-15",8.52,8.567,8.43,8.54,47500,8.54
"2018-03-16",8.48,8.5082,8.46,8.5,16800,8.5
"2018-03-19",8.39,8.6,8.301,8.58,77200,8.58
"2018-03-20",8.51,8.54,8.411,8.411,25100,8.41
"2018-03-21",8.4953,8.52,8.46,8.5,11000,8.5
"2018-03-22",8.518,8.56,8.518,8.535,6300,8.53
"2018-03-23",8.48,8.49,8.38,8.432,9100,8.43
"2018-03-26",8.434,8.53,8.38,8.42,48100,8.42
"2018-03-27",8.4,8.45,8.37,8.4,15100,8.4
"2018-03-28",8.34,8.36,8.2198,8.27,42700,8.27
"2018-03-29",8.274,8.31,8.25,8.31,17000,8.31
"2018-04-02",8.37,8.395,8.33,8.34,22000,8.34
"2018-04-03",8.34,8.36,8.25,8.36,38000,8.36
"2018-04-04",8.25,8.26,8.22,8.26,7000,8.26
"2018-04-05",8.28,8.29,8.24,8.29,25200,8.29
"2018-04-06",8.28,8.28,8.16,8.191,11500,8.19
"2018-04-09",8.23,8.24,8.1901,8.2,27900,8.2
"2018-04-10",8.08,8.08,8,8.05,94800,8.05
"2018-04-11",8,8.095,7.98,8.03,58500,8.03
"2018-04-12",8.01,8.0596,8.01,8.037,32300,8.04
"2018-04-13",8.09,8.099,8.03,8.063,5800,8.06
"2018-04-16",8.127,8.14,8.02,8.02,45800,8.02
"2018-04-17",7.9397,7.94,7.828,7.84,37000,7.84
"2018-04-18",7.825,7.88,7.82,7.88,14500,7.88
"2018-04-19",7.88,7.931,7.848,7.931,30300,7.93
"2018-04-20",7.82,7.91,7.81,7.88,74500,7.88
"2018-04-23",7.81,7.81,7.55,7.57,82700,7.57
"2018-04-24",7.51,7.55,7.41,7.537,121300,7.54
"2018-04-25",7.32,7.42,7.3,7.416,80100,7.42
"2018-04-26",7.4101,7.61,7.41,7.6,42100,7.6
"2018-04-27",7.5105,7.68,7.461,7.67,83300,7.67
"2018-04-30",7.66,7.7,7.6,7.67,53500,7.67
"2018-05-01",7.64,7.75,7.59,7.74,110400,7.74
"2018-05-02",7.59,7.74,7.571,7.671,197500,7.67
"2018-05-03",7.64,7.73,7.62,7.71,100200,7.71
"2018-05-04",7.67,7.67,7.59,7.62,77700,7.62
"2018-05-07",7.61,7.61,7.52,7.56,68400,7.56
"2018-05-08",7.55,7.67,7.53,7.65,22600,7.65
"2018-05-09",7.57,7.59,7.5,7.546,54600,7.55
"2018-05-10",7.51,7.53,7.45,7.51,23800,7.51
"2018-05-11",7.46,7.46,7.42,7.46,18600,7.46
"2018-05-14",7.41,7.46,7.4,7.45,56000,7.45
"2018-05-15",7.41,7.55,7.4,7.53,43200,7.53
"2018-05-16",7.47,7.55,7.4596,7.55,76400,7.55
"2018-05-17",7.54,7.59,7.4903,7.51,48100,7.51
"2018-05-18",7.5,7.56,7.47,7.549,138800,7.55
"2018-05-21",7.66,7.74,7.62,7.7,72000,7.7
"2018-05-22",7.74,7.83,7.7,7.8,206600,7.8
"2018-05-23",7.88,7.93,7.86,7.89,70400,7.89
"2018-05-24",7.9503,8,7.84,7.88,132800,7.88
"2018-05-25",7.89,7.95,7.839,7.95,32400,7.95
"2018-05-29",8,8,7.845,7.89,59000,7.89
"2018-05-30",7.89,7.9399,7.89,7.93,24800,7.93
"2018-05-31",7.99,8.08,7.99,8.06,64300,8.06
"2018-06-01",8.1005,8.1,7.871,7.92,59200,7.92
"2018-06-04",7.83,7.858,7.622,7.64,165500,7.64
"2018-06-05",7.73,7.753,7.65,7.73,34800,7.73
"2018-06-06",7.76,7.78,7.73,7.76,33200,7.76
"2018-06-07",7.61,7.61,7.51,7.54,137000,7.54
"2018-06-08",7.58,7.77,7.56,7.73,155300,7.73
"2018-06-11",7.78,7.875,7.76,7.81,56700,7.81
"2018-06-12",7.8,7.84,7.76,7.78,12800,7.78
"2018-06-13",7.81,7.8472,7.78,7.81,4500,7.81
"2018-06-14",7.77,7.81,7.72,7.73,15400,7.73
"2018-06-15",7.73,7.7304,7.58,7.63,36700,7.63
"2018-06-18",7.6,7.65,7.59,7.61,29200,7.61
"2018-06-19",7.5,7.56,7.43,7.56,92100,7.56
"2018-06-20",7.575,7.67,7.53,7.53,21500,7.53
"2018-06-21",7.57,7.609,7.533,7.55,28600,7.55
"2018-06-22",7.64,7.696,7.62,7.62,15100,7.62
"2018-06-25",7.65,7.694,7.6,7.6,38900,7.6
"2018-06-26",7.7,7.8,7.66,7.68,28200,7.68
"2018-06-27",7.58,7.6002,7.46,7.47,39000,7.47
"2018-06-28",7.55,7.62,7.55,7.55,92700,7.55
"2018-06-29",7.53,7.605,7.5,7.58,114200,7.58
"2018-07-02",7.38,7.38,7.278,7.29,143200,7.29
"2018-07-03",7.28,7.28,7.13,7.2,91900,7.2
"2018-07-05",7.14,7.19,7.09,7.19,119000,7.19
"2018-07-06",7.12,7.23,7.12,7.23,31700,7.23
"2018-07-09",7.25,7.27,7.152,7.2,40100,7.2
"2018-07-10",7.178,7.22,7.14,7.19,14100,7.19
"2018-07-11",7.18,7.18,7.11,7.13,31400,7.13
"2018-07-12",7.0802,7.08,6.98,7.03,75900,7.03
"2018-07-13",7.04,7.04,6.91,6.92,22700,6.92
"2018-07-16",7.03,7.15,7.0294,7.09,83500,7.09
"2018-07-17",7.01,7.05,6.95,7.031,19900,7.03
"2018-07-18",7.0006,7.011,6.986,6.99,49900,6.99
"2018-07-19",6.94,6.99,6.9403,6.94,35100,6.94
"2018-07-20",7.026,7.08,7.02,7.05,212300,7.05
"2018-07-23",7.05,7.09,6.9999,7.04,20100,7.04
"2018-07-24",7.1,7.12,7.0761,7.1,22500,7.1
"2018-07-25",7.086,7.15,7.086,7.14,32000,7.14
"2018-07-26",7.0697,7.111,6.98,7.08,97700,7.08
"2018-07-27",7.05,7.059,7,7.03,29900,7.03
"2018-07-30",7.04,7.07,6.99,6.99,37200,6.99
"2018-07-31",6.99,6.99,6.83,6.89,110100,6.89
"2018-08-01",6.85,6.86,6.76,6.82,32000,6.82
"2018-08-02",6.77,6.91,6.75,6.86,65200,6.86
"2018-08-03",6.95,7.05,6.944,6.99,201800,6.99
"2018-08-06",7.04,7.05,7.02,7.04,32100,7.04
"2018-08-07",7.0798,7.083,7.008,7.05,20700,7.05
"2018-08-08",7.02,7.02,6.97,7,31900,7
"2018-08-09",7.03,7.09,7.02,7.06,40400,7.06
"2018-08-10",6.94,6.9402,6.836,6.88,54300,6.88
"2018-08-13",6.84,6.84,6.76,6.83,45200,6.83
"2018-08-14",6.8197,6.856,6.74,6.75,24100,6.75
"2018-08-15",6.78,6.78,6.67,6.7,91600,6.7
"2018-08-16",6.73,6.77,6.68,6.68,23200,6.68
"2018-08-17",6.705,6.705,6.627,6.63,57900,6.63
"2018-08-20",6.62,6.63,6.57,6.59,85200,6.59
"2018-08-21",6.59,6.66,6.58,6.66,72600,6.66
"2018-08-22",6.58,6.67,6.511,6.66,114400,6.66
"2018-08-23",6.59,6.64,6.57,6.59,50500,6.59
"2018-08-24",6.66,6.735,6.606,6.64,57400,6.64
"2018-08-27",6.69,6.71,6.663,6.7,57400,6.7
"2018-08-28",6.64,6.68,6.61,6.625,45400,6.63
"2018-08-29",6.62,6.6462,6.58,6.62,33500,6.62
"2018-08-30",6.67,6.75,6.6103,6.71,168100,6.71
"2018-08-31",6.78,6.8,6.72,6.79,48000,6.79
"2018-09-04",6.84,6.84,6.716,6.8,28200,6.8
"2018-09-05",6.835,6.94,6.835,6.93,46800,6.93
"2018-09-06",6.93,6.93,6.86,6.87,29300,6.87
"2018-09-07",6.95,6.99,6.92,6.99,29100,6.99
"2018-09-10",7.05,7.121,7.049,7.1,62600,7.1
"2018-09-11",7.114,7.134,7.09,7.11,24500,7.11
"2018-09-12",7.191,7.29,7.18,7.25,165200,7.25
"2018-09-13",7.31,7.35,7.25,7.32,81200,7.32
"2018-09-14",7.19,7.19,6.9996,7,294000,7
"2018-09-17",7,7.01,6.884,6.89,49400,6.89
"2018-09-18",6.87,6.87,6.765,6.81,10200,6.81
"2018-09-19",6.88,6.96,6.88,6.89,10500,6.89
"2018-09-20",6.95,6.954,6.86,6.86,22500,6.86
"2018-09-21",6.9641,6.98,6.88,6.91,90500,6.91
"2018-09-24",6.75,6.75,6.6195,6.68,154600,6.68
"2018-09-25",6.69,6.7,6.61,6.63,44300,6.63
"2018-09-26",6.54,6.54,6.4798,6.5,166100,6.5
"2018-09-27",6.52,6.54,6.46,6.53,41000,6.53
"2018-09-28",6.54,6.63,6.54,6.63,51600,6.63
"2018-10-01",6.67,6.937,6.649,6.84,452700,6.84
"2018-10-02",7.04,7.184,7.03,7.17,456500,7.17
"2018-10-03",7.27,7.29,7.13,7.21,45800,7.21
"2018-10-04",7.22,7.3,7.15,7.3,90500,7.3
"2018-10-05",7.35,7.46,7.35,7.4,391400,7.4
"2018-10-08",7.55,7.602,7.54,7.6,107400,7.6
"2018-10-09",7.59,7.66,7.56,7.62,103600,7.62
"2018-10-10",7.69,7.69,7.447,7.54,133700,7.54
"2018-10-11",7.58,7.664,7.57,7.57,34600,7.57
"2018-10-12",7.6796,7.747,7.65,7.68,35300,7.68
"2018-10-15",7.75,7.87,7.75,7.85,170900,7.85
"2018-10-16",7.81,7.832,7.713,7.75,32400,7.75
"2018-10-17",7.8404,7.97,7.84,7.97,39800,7.97
"2018-10-18",7.9698,8.05,7.935,8.03,44300,8.03
"2018-10-19",8.03,8.08,7.96,8.05,75600,8.05
"2018-10-22",8.03,8.05,7.99,8.04,47400,8.04
"2018-10-23",8.02,8.04,7.978,8.04,18000,8.04
"2018-10-24",8.1403,8.154,8.04,8.07,100700,8.07
"2018-10-25",8.04,8.13,8,8.01,183700,8.01
"2018-10-26",8.01,8.06,7.93,7.94,110700,7.94
"2018-10-29",7.95,7.9499,7.79,7.82,89700,7.82
"2018-10-30",7.7497,7.79,7.68,7.78,80000,7.78
"2018-10-31",7.7,7.727,7.66,7.66,69300,7.66
"2018-11-01",7.66,7.8501,7.64,7.65,75200,7.65
"2018-11-02",7.825,7.86,7.7997,7.85,45700,7.85
"2018-11-05",7.77,7.77,7.67,7.69,23400,7.69
"2018-11-06",7.72,7.72,7.564,7.6,14900,7.6
"2018-11-07",7.63,7.65,7.58,7.62,12100,7.62
"2018-11-08",7.61,7.61,7.505,7.54,28100,7.54
"2018-11-09",7.4722,7.51,7.44,7.496,19800,7.5
"2018-11-12",7.53,7.58,7.5,7.58,9200,7.58
"2018-11-13",7.51,7.51,7.4,7.405,28700,7.4
"2018-11-14",7.45,7.46,7.4,7.44,14900,7.44
"2018-11-15",7.48,7.53,7.4,7.4,16700,7.4
"2018-11-16",7.45,7.459,7.41,7.41,12000,7.41
"2018-11-19",7.4,7.489,7.4,7.48,9700,7.48
"2018-11-20",7.41,7.41,7.29,7.29,54400,7.29
"2018-11-21",7.29,7.46,7.29,7.39,32600,7.39
"2018-11-23",7.33,7.33,7.29,7.29,10800,7.29
"2018-11-26",7.3,7.33,7.277,7.33,18900,7.33
"2018-11-27",7.279,7.279,7.25,7.255,16800,7.26
"2018-11-28",7.4,7.49,7.4,7.48,67300,7.48
"2018-11-29",7.59,7.61,7.44,7.51,86900,7.51
"2018-11-30",7.59,7.59,7.26,7.516,37700,7.52
"2018-12-03",7.59,7.63,7.52,7.54,80500,7.54
"2018-12-04",7.52,7.52,7.44,7.45,13700,7.45
"2018-12-06",7.29,7.43,7.29,7.41,22900,7.41
"2018-12-07",7.55,7.605,7.5,7.52,41800,7.52
"2018-12-10",7.46,7.4703,7.39,7.449,24900,7.45
"2018-12-11",7.48,7.5,7.412,7.479,6500,7.48
"2018-12-12",7.444,7.46,7.42,7.449,12900,7.45
"2018-12-13",7.39,7.46,7.27,7.43,28500,7.43
"2018-12-14",7.43,7.45,7.39,7.419,14400,7.42
"2018-12-17",7.36,7.378,7.3,7.3,58000,7.3
"2018-12-18",7.3,7.3,7.2,7.205,35800,7.21
"2018-12-19",7.1399,7.42,6.67,7.26,51600,7.26
"2018-12-20",7.06,7.29,7.06,7.29,17300,7.29
"2018-12-21",7.2593,7.26,7.18,7.21,27800,7.21
"2018-12-24",7.21,7.29,7.21,7.27,10600,7.27
"2018-12-26",7.23,7.28,7.17,7.17,14400,7.17
"2018-12-27",7.1998,7.2,7.15,7.19,18200,7.19
"2018-12-28",7.14,7.23,7.14,7.22,35000,7.22
"2018-12-31",7.15,7.16,7.07,7.09,20900,7.09
"2019-01-02",7.02,7.04,6.8997,6.9,17500,6.9
"2019-01-03",6.98,6.98,6.92,6.93,18200,6.93
"2019-01-04",6.93,7.03,6.93,7.02,28800,7.02
"2019-01-07",7.17,7.41,7.17,7.4,124800,7.4
"2019-01-08",7.49,7.53,7.43,7.52,108800,7.52
"2019-01-09",7.58,7.5804,7.53,7.56,21400,7.56
"2019-01-10",7.5,7.52,7.4297,7.43,38700,7.43
"2019-01-11",7.51,7.55,7.47,7.48,18700,7.48
"2019-01-14",7.48,7.52,7.46,7.48,30600,7.48
"2019-01-15",7.56,7.69,7.55,7.66,41500,7.66
"2019-01-16",7.7,7.7507,7.66,7.71,44800,7.71
"2019-01-17",7.6403,7.66,7.55,7.56,40200,7.56
"2019-01-18",7.58,7.67,7.58,7.66,18500,7.66
"2019-01-22",7.58,7.63,7.58,7.61,43700,7.61
"2019-01-23",7.6,7.64,7.58,7.6,13000,7.6
"2019-01-24",7.63,7.6596,7.62,7.65,19300,7.65
"2019-01-25",7.47,7.47,7.33,7.38,52200,7.38
"2019-01-28",7.5,7.56,7.49,7.54,37600,7.54
"2019-01-29",7.45,7.51,7.43,7.48,13400,7.48
"2019-01-30",7.43,7.45,7.41,7.45,20300,7.45
"2019-01-31",7.54,7.56,7.48,7.48,28500,7.48
"2019-02-01",7.48,7.5,7.4298,7.45,16800,7.45
"2019-02-04",7.4499,7.54,7.41,7.53,27100,7.53
"2019-02-05",7.53,7.56,7.49,7.52,23700,7.52
"2019-02-06",7.54,7.57,7.51,7.55,14200,7.55
"2019-02-07",7.5303,7.53,7.46,7.49,16000,7.49
"2019-02-08",7.49,7.51,7.44,7.46,4700,7.46
"2019-02-11",7.41,7.41,7.34,7.38,28100,7.38
"2019-02-12",7.43,7.48,7.41,7.41,18600,7.41
"2019-02-13",7.37,7.42,7.36,7.38,7200,7.38
"2019-02-14",7.32,7.34,7.27,7.32,18000,7.32
"2019-02-15",7.4002,7.67,7.4,7.67,49000,7.67
"2019-02-19",7.68,7.77,7.68,7.75,125400,7.75
"2019-02-20",7.77,7.83,7.72,7.81,48100,7.81
"2019-02-21",7.83,7.83,7.71,7.72,62500,7.72
"2019-02-22",7.8,7.82,7.78,7.78,11800,7.78
"2019-02-25",7.7203,7.77,7.65,7.65,60200,7.65
"2019-02-26",7.64,7.67,7.54,7.56,31500,7.56
"2019-02-27",7.54,7.63,7.54,7.63,17800,7.63
"2019-02-28",7.59,7.59,7.4699,7.55,18200,7.55
"2019-03-01",7.51,7.51,7.42,7.45,18900,7.45
"2019-03-04",7.41,7.45,7.28,7.3,58200,7.3
"2019-03-05",7.31,7.34,7.29,7.31,16300,7.31
"2019-03-06",7.24,7.25,7.16,7.17,55900,7.17
"2019-03-07",7.2,7.2,7.15,7.18,27100,7.18
"2019-03-08",7.16,7.18,7.13,7.16,15000,7.16
"2019-03-11",7.2,7.32,7.2,7.24,12600,7.24
"2019-03-12",7.17,7.29,7.17,7.28,36900,7.28
"2019-03-13",7.22,7.25,7.21,7.24,23100,7.24
"2019-03-14",7.33,7.4,7.26,7.27,14100,7.27
"2019-03-15",7.24,7.37,7.21,7.35,20600,7.35
"2019-03-18",7.28,7.53,7.28,7.5,16400,7.5
"2019-03-19",7.61,7.61,7.43,7.48,8700,7.48
"2019-03-20",7.43,7.5,7.43,7.5,15400,7.5
"2019-03-21",7.4,7.4,7.35,7.38,11600,7.38
"2019-03-22",7.37,7.41,7.36,7.38,3800,7.38
"2019-03-25",7.3,7.37,7.26,7.34,56600,7.34
"2019-03-26",7.3,7.38,7.3,7.33,10500,7.33
"2019-03-27",7.36,7.36,7.28,7.29,24300,7.29
"2019-03-28",7.2988,7.32,7.27,7.32,15500,7.32
"2019-03-29",7.32,7.32,7.27,7.28,18100,7.28
"2019-04-01",7.27,7.37,7.27,7.37,25200,7.37
"2019-04-02",7.39,7.4,7.33,7.37,14300,7.37
"2019-04-03",7.3405,7.35,7.24,7.26,24800,7.26
"2019-04-04",7.32,7.41,7.32,7.36,9300,7.36
"2019-04-05",7.44,7.45,7.409,7.425,15800,7.43
"2019-04-08",7.34,7.34,7.31,7.32,27100,7.32
"2019-04-09",7.39,7.45,7.34,7.43,19000,7.43
"2019-04-10",7.47,7.4797,7.45,7.48,14400,7.48
"2019-04-11",7.4798,7.48,7.4,7.41,15100,7.41
"2019-04-12",7.4,7.45,7.3998,7.44,36800,7.44
"2019-04-15",7.46,7.4599,7.39,7.4,65500,7.4
"2019-04-16",7.3104,7.35,7.27,7.35,57200,7.35
"2019-04-17",7.3,7.33,7.22,7.25,61500,7.25
"2019-04-18",7.4,7.49,7.39,7.49,71200,7.49
"2019-04-22",7.5,7.51,7.31,7.37,42100,7.37
"2019-04-23",7.37,7.44,7.34,7.42,58000,7.42
"2019-04-24",7.42,7.46,7.41,7.44,49100,7.44
"2019-04-25",7.45,7.45,7.31,7.35,50700,7.35
"2019-04-26",7.27,7.33,7.27,7.32,21800,7.32
"2019-04-29",7.27,7.2697,7.16,7.17,31300,7.17
"2019-04-30",7.2399,7.24,7.18,7.2,9200,7.2
"2019-05-01",7.12,7.1199,7.1,7.1,12000,7.1
"2019-05-02",7.12,7.13,7.1,7.11,66100,7.11
"2019-05-03",7.09,7.0895,7,7.01,79800,7.01
"2019-05-06",7,7.02,6.96,6.98,21300,6.98
"2019-05-07",6.96,7,6.93,6.99,80800,6.99
"2019-05-08",6.97,6.97,6.84,6.85,71000,6.85
"2019-05-09",6.87,6.9,6.87,6.89,57000,6.89
"2019-05-10",6.92,7.01,6.87,6.89,44300,6.89
"2019-05-13",6.88,6.9405,6.88,6.93,43400,6.93
"2019-05-14",6.92,6.98,6.9201,6.96,6400,6.96
"2019-05-15",6.98,6.9802,6.9,6.93,19500,6.93
"2019-05-16",6.91,6.91,6.88,6.9,22200,6.9
"2019-05-17",6.84,6.84,6.77,6.79,90600,6.79
"2019-05-20",6.85,6.86,6.82,6.83,6400,6.83
"2019-05-21",6.82,6.9,6.78,6.9,22600,6.9
"2019-05-22",6.96,6.96,6.85,6.86,33300,6.86
"2019-05-23",6.88,6.88,6.78,6.84,28700,6.84
"2019-05-24",6.87,6.92,6.87,6.89,26500,6.89
"2019-05-28",6.94,6.94,6.85,6.88,18100,6.88
"2019-05-29",6.99,7,6.94,6.94,110400,6.94
"2019-05-30",6.97,6.99,6.92,6.93,7000,6.93
"2019-05-31",6.88,7.06,6.88,7.03,38700,7.03
"2019-06-03",7.02,7.08,6.97,7.07,39300,7.07
"2019-06-04",7.08,7.14,7.0547,7.14,33800,7.14
"2019-06-05",7.18,7.1802,7.02,7.04,47000,7.04
"2019-06-06",7.11,7.15,7.11,7.14,18600,7.14
"2019-06-07",7.17,7.18,7.13,7.18,33400,7.18
"2019-06-10",7.14,7.14,7.11,7.12,9100,7.12
"2019-06-11",7.07,7.18,7.07,7.17,25200,7.17
"2019-06-12",7.13,7.16,7.13,7.15,11500,7.15
"2019-06-13",7.18,7.22,7.18,7.18,39000,7.18
"2019-06-14",7.19,7.23,7.05,7.22,21200,7.22
"2019-06-17",7.18,7.19,7.14,7.17,15400,7.17
"2019-06-18",7.14,7.21,7.14,7.2,33200,7.2
"2019-06-19",7.13,7.16,7.13,7.14,12100,7.14
"2019-06-20",7.12,7.17,7.12,7.14,7700,7.14
"2019-06-21",7.13,7.13,7.01,7.04,12200,7.04
"2019-06-24",7.05,7.14,7.04,7.04,12500,7.04
"2019-06-25",7.07,7.11,7.05,7.07,35200,7.07
"2019-06-26",7.06,7.06,6.93,6.94,19200,6.94
"2019-06-27",7.0301,7.14,7.03,7.13,28300,7.13
"2019-06-28",7.18,7.19,7.08,7.09,15100,7.09
"2019-07-01",7.09,7.17,7.07,7.07,20400,7.07
"2019-07-02",7,7,6.95,6.98,23800,6.98
"2019-07-03",6.96,7.09,6.96,7.08,5300,7.08
"2019-07-05",7.09,7.1,7,7,4600,7
"2019-07-08",7.05,7.06,7.05,7.05,2400,7.05
"2019-07-09",7,7.04,6.97,7.04,16600,7.04
"2019-07-10",7.04,7.08,7.01,7.07,2600,7.07
"2019-07-11",7.08,7.08,7.04,7.05,7300,7.05
"2019-07-12",7.02,7.03,6.99,6.99,11300,6.99
"2019-07-15",6.93,6.93,6.87,6.92,36800,6.92
"2019-07-16",6.9201,6.92,6.86,6.9,8000,6.9
"2019-07-17",6.86,6.86,6.78,6.8,48000,6.8
"2019-07-18",6.78,6.78,6.7,6.72,87100,6.72
"2019-07-19",6.71,6.71,6.67,6.7,19000,6.7
"2019-07-22",6.7,6.7,6.66,6.66,57200,6.66
"2019-07-23",6.66,6.86,6.62,6.86,96000,6.86
"2019-07-24",6.94,6.95,6.86,6.87,87300,6.87
"2019-07-25",6.92,6.94,6.83,6.86,24600,6.86
"2019-07-26",6.89,6.9196,6.86,6.89,18600,6.89
"2019-07-29",6.91,6.94,6.88,6.9,11900,6.9
"2019-07-30",6.93,6.99,6.92,6.94,33300,6.94
"2019-07-31",6.9,6.9596,6.9,6.96,17500,6.96
"2019-08-01",6.94,6.94,6.87,6.94,58500,6.94
"2019-08-02",6.9,6.9,6.86,6.88,4500,6.88
"2019-08-05",6.75,6.87,6.74,6.8,22000,6.8
"2019-08-06",6.8,6.81,6.73,6.75,15700,6.75
"2019-08-07",6.72,6.7292,6.6,6.6,38100,6.6
"2019-08-08",6.65,6.68,6.63,6.68,6500,6.68
"2019-08-09",6.7406,6.87,6.74,6.87,14700,6.87
"2019-08-12",6.78,6.79,6.67,6.7,23700,6.7
"2019-08-13",6.63,6.79,6.63,6.75,23200,6.75
"2019-08-14",6.73,6.73,6.68,6.69,16800,6.69
"2019-08-15",6.71,6.74,6.7,6.7,1300,6.7
"2019-08-16",6.71,6.74,6.69,6.7,2100,6.7
"2019-08-19",6.66,6.66,6.62,6.63,11100,6.63
"2019-08-20",6.6206,6.64,6.62,6.62,2806,6.62
